자치구,교육지원청,학교급,학교명,학교_주소,학교_학습점수,학교_진로점수,학교_정서심리점수,학교_경제복지점수
강서구,강서양천교육지원청,고등학교,공항고등학교,서울특별시 강서구 방화대로34길 43(마곡동. 공항고등학교),73.24,45.4,59.71,76.87
구로구,남부교육지원청,고등학교,구로고등학교,서울특별시 구로구 가마산로27길 45. 구로고등학교 (구로동),83.43,72.56,53.44,62.58
구로구,남부교육지원청,고등학교,구일고등학교,서울특별시 구로구 구일로 90-51(구로동),89.17,62.63,63,49.46
금천구,남부교육지원청,고등학교,금천고등학교,서울특별시 금천구 시흥대로38길 26(시흥동.금천고등학교),58.06,33.65,40.54,33.42
금천구,남부교육지원청,고등학교,독산고등학교,서울특별시 금천구 문성로 64. 독산고등학교 (독산동),42.06,52.99,67.98,79.64
서초구,강남서초교육지원청,고등학교,서초고등학교,서울특별시 서초구 반포대로27길 29(서초동),66.1,63.73,49.65,32.8
중구,중부교육지원청,고등학교,성동고등학교,서울특별시 중구 퇴계로90길 17. 성동고등학교 (신당동),57.86,81.76,57.39,17.17
노원구,북부교육지원청,고등학교,노원고등학교,서울특별시 노원구 노원로 586(상계동),67.49,51.52,45.76,33.06
관악구,동작관악교육지원청,고등학교,인헌고등학교,서울특별시 관악구 인헌9길 74(봉천동.인헌고등학교),43.49,44.79,62.45,41.44
양천구,강서양천교육지원청,고등학교,금옥여자고등학교,서울특별시 양천구 신정로 213(신정동),64.6,56.54,67.58,88.44
은평구,서부교육지원청,고등학교,진관고등학교,서울특별시 은평구 진관4로 26(진관동),83.43,71.78,50.1,77.18
강동구,강동송파교육지원청,고등학교,선사고등학교,서울특별시 강동구 고덕로25길 17. 선사고등학교 (암사동),56.81,57.54,46.82,26.53
성동구,성동광진교육지원청,고등학교,도선고등학교,서울특별시 성동구 마장로 156(하왕십리동),41.03,30.23,38.8,6.89
성동구,성동광진교육지원청,고등학교,금호고등학교,서울특별시 성동구 금호로 118(금호동1가. 금호고등학교),52.12,42.78,50.42,31.87
관악구,동작관악교육지원청,고등학교,광신고등학교,서울특별시 관악구 광신길 141(신림동.광신중고등학교),28.62,49.07,32.02,18.87
강서구,강서양천교육지원청,고등학교,대일고등학교,서울특별시 강서구 등촌로35길 90(등촌동) 대일고등학교,67.9,72.7,35.94,36.19
강서구,강서양천교육지원청,고등학교,마포고등학교,서울특별시 강서구 화곡로 403(등촌동.마포고등학교),64.73,35.67,56.98,53.21
서대문구,서부교육지원청,고등학교,명지고등학교,서울특별시 서대문구 명지2길 56. 명지고등학교 (홍은동),80.37,71.56,40.27,60.11
강동구,강동송파교육지원청,고등학교,성덕고등학교,서울특별시 강동구 구천면로 396(천호동. 성덕고등학교),80.81,50.46,44.29,38.56
양천구,강서양천교육지원청,고등학교,백암고등학교,서울특별시 양천구 신정로13길 16. 백암고등학교 (신정동),74.62,69.19,48.08,48.33
송파구,강동송파교육지원청,고등학교,보성고등학교,서울특별시 송파구 양재대로 1278(방이동.보성중고등학교),75.84,38.07,29.94,34.14
강남구,강남서초교육지원청,고등학교,서울세종고등학교,서울특별시 강남구 광평로51길 36.서울세종고등학교 (수서동),57.51,39.2,40.03,21.49
동작구,동작관악교육지원청,고등학교,성남고등학교,서울특별시 동작구 대방동길 74(대방동),69.43,42.39,37.2,42.62
강북구,성북강북교육지원청,고등학교,영훈고등학교,서울특별시 강북구 도봉로13가길 19(미아동.학교법인영훈학원),69.27,68.83,50.35,93.94
서대문구,서부교육지원청,고등학교,이화여자대학교사범대학부속이화금란고등학교,서울특별시 서대문구 성산로 560. 이대부속고등학교 (대신동),69.16,57.59,55.7,57.48
광진구,성동광진교육지원청,고등학교,대원여자고등학교,서울특별시 광진구 용마산로22길 26. 대원여자고등학교 (중곡동),43.01,23.45,44.76,57.13
은평구,서부교육지원청,고등학교,동명여자고등학교,서울특별시 은평구 통일로 793(대조동. 동명여자고등학교),80.37,51.29,60.49,93.94
관악구,동작관악교육지원청,고등학교,서울문영여자고등학교,서울특별시 관악구 관악로 85. 서울문영여자고등학교 (봉천동),42.36,37.32,15.59,23.55
강동구,강동송파교육지원청,고등학교,상일여자고등학교,서울특별시 강동구 천호대로219길 61(상일동. 189),77.59,63.91,42.39,44.32
노원구,북부교육지원청,고등학교,염광고등학교,서울특별시 노원구 월계로45가길 9. 염광고등학교 (월계동),58.88,58.81,55.71,77.13
노원구,북부교육지원청,고등학교,영신여자고등학교,서울특별시 노원구 중계로16나길 13. 영신여자고등학교 (중계동),56.84,50.89,46.61,38.25
성동구,성동광진교육지원청,고등학교,한양대학교사범대학부속고등학교,서울특별시 성동구 마조로 42한양대학교사범대학부속고등학교 (사근동),76.55,67.64,59.26,48.58
종로구,중부교육지원청,고등학교,서울국제고등학교,서울특별시 종로구 성균관로13길 40. 서울국제고 (명륜1가),20.67,19.49,26.69,15.42
용산구,중부교육지원청,고등학교,용산철도고등학교,서울특별시 용산구 서빙고로 24(한강로3가. 용산철도고등학교),7.83,28.69,67.99,33.42
노원구,북부교육지원청,고등학교,광운인공지능고등학교,서울특별시 노원구 광운로1길 24(월계동.광운중학교/광운인공지능고등학교),24.1,5.85,30.47,16.04
강동구,강동송파교육지원청,고등학교,상일미디어고등학교,서울특별시 강동구 천호대로219길 61. 상일미디어고등학교 (상일동),37.58,17.82,53.71,79.34
노원구,북부교육지원청,고등학교,인덕과학기술고등학교,서울특별시 노원구 초안산로 12. 인덕과학기술고등학교 (월계동),29.75,35,47.06,69.67
도봉구,북부교육지원청,고등학교,서울문화고등학교,서울특별시 도봉구 마들로 598. 서울문화고등학교 (방학동),15.9,37.59,41.81,43.81
노원구,북부교육지원청,고등학교,영신간호비즈니스고등학교,서울특별시 노원구 중계로16나길 13영신간호비즈니스고등학교 (중계동),16.43,81.76,55.99,69.21
양천구,강서양천교육지원청,고등학교,서울영상고등학교,서울특별시 양천구 목동로11길 46. 서울영상고등학교 (신정동),32.03,8.32,61.63,36.6
관악구,동작관악교육지원청,고등학교,영락의료과학고등학교,서울특별시 관악구 청룡16길 25. 영락의료과학고등학교,10.07,51.15,35.94,43.4
관악구,동작관악교육지원청,고등학교,서울관광고등학교,서울특별시 관악구 은천로15길 25(봉천동.서울관광고등학교),33.33,46.43,58.11,69.31
은평구,서부교육지원청,고등학교,동명생활경영고등학교,서울특별시 은평구 통일로 793(대조동),26.16,49.97,50.83,50.96
금천구,남부교육지원청,고등학교,서울매그넷고등학교,서울특별시 금천구 탑골로10길 45(시흥동. 서울매그넷고등학교),18.53,64.88,90.22,36.35
강서구,강서양천교육지원청,고등학교,화곡보건경영고등학교,서울특별시 강서구 강서로45길 70(내발산동),13.01,59.17,54.82,60.73
동대문구,동부교육지원청,중학교,전일중학교,서울특별시 동대문구 사가정로13길 67. 전일중학교 (전농동),53.09,51.48,28.8,67.1
동대문구,동부교육지원청,중학교,대광중학교,서울특별시 동대문구 안암로 6(신설동) 대광중학교,54.64,86.39,80.2,69.32
은평구,서부교육지원청,중학교,덕산중학교,서울특별시 은평구 가좌로 400(신사동),36.42,16.04,25.14,57.47
마포구,서부교육지원청,중학교,신수중학교,서울특별시 마포구 신수로 49. 신수중학교 (신수동),54.54,39.75,46.95,63.39
서대문구,서부교육지원청,중학교,가재울중학교,서울특별시 서대문구 수색로 100-75(북가좌동. 가재울중학교),66.16,54.09,43.86,66.17
마포구,서부교육지원청,중학교,경성중학교,서울특별시 마포구 성미산로 111. 경성중학교 (연남동),11.19,48.72,84.34,68.35
은평구,서부교육지원청,중학교,대성중학교,서울특별시 은평구 갈현로29길 51-24. 대성중학교 (갈현동),28.91,61.63,82.39,69.92
서대문구,서부교육지원청,중학교,한성중학교,서울특별시 서대문구 북아현로1길 24(북아현동.한성중학교),37.05,52.11,85.58,70.44
마포구,서부교육지원청,중학교,홍익대학교사범대학부속여자중학교,서울특별시 마포구 성미산로 51. 홍익대학교사범대학부속여자중학교 (성산동),15.19,28.17,42.64,54.53
금천구,남부교육지원청,중학교,난곡중학교,서울특별시 금천구 문성로 67(독산동),37.63,21.36,36.12,42
영등포구,남부교육지원청,중학교,문래중학교,서울특별시 영등포구 선유서로13길 6(문래동6가.문래중학교),49.85,53.16,52.7,80.12
구로구,남부교육지원청,중학교,영서중학교,서울특별시 구로구 도림로20길 35(구로동),47.19,60.41,61.86,78.54
구로구,남부교육지원청,중학교,천왕중학교,서울특별시 구로구 천왕로 63(천왕동. 천왕중학교),63.88,80.78,69.7,88.46
금천구,남부교육지원청,중학교,문일중학교,서울특별시 금천구 시흥대로47길 45. 문일중학교 (시흥동),40.07,22.04,13.17,50.74
금천구,남부교육지원청,중학교,국립전통예술중학교,서울특별시 금천구 시흥대로38길 62(시흥동),15.61,7.73,34.86,18.98
노원구,북부교육지원청,중학교,상경중학교,서울특별시 노원구 동일로227길 61(상계동. 상경중학교),73.64,79.62,66.22,73.39
도봉구,북부교육지원청,중학교,효문중학교,서울특별시 도봉구 우이천로 432(쌍문동. 효문중 고등학교),26.12,10.93,44.53,55.41
용산구,중부교육지원청,중학교,용산중학교,서울특별시 용산구 두텁바위로 74(용산동2가),24.14,62.16,70.8,51.87
용산구,중부교육지원청,중학교,한강중학교,서울특별시 용산구 녹사평대로 73(서빙고동),21.16,48.49,58.15,69.64
종로구,중부교육지원청,중학교,동성중학교,서울특별시 종로구 대학로 156동성중학교 (혜화동 90-7),18.27,9.65,35.39,41.92
용산구,중부교육지원청,중학교,보성여자중학교,서울특별시 용산구 신흥로3가길 66(용산동2가),41.98,23.36,26.31,41.43
용산구,중부교육지원청,중학교,성심여자중학교,서울특별시 용산구 원효로19길 49. 성심여자중학교 (원효로4가),35.96,42.63,26.86,48.4
중구,중부교육지원청,중학교,예원학교,서울특별시 중구 정동길 25(정동),81.5,78.66,60.28,47.55
강동구,강동송파교육지원청,중학교,둔촌중학교,서울특별시 강동구 진황도로61길 25-30(둔촌동),36.83,41.63,44.09,51.34
송파구,강동송파교육지원청,중학교,문정중학교,서울특별시 송파구 문정로 73(문정동. 문정중학교),72.48,65.12,78.29,61.46
송파구,강동송파교육지원청,중학교,보성중학교,서울특별시 송파구 양재대로 1278(방이동.보성중고등학교),57.16,82.68,54.23,75.16
강동구,강동송파교육지원청,중학교,상일중학교,서울특별시 강동구 천호대로219길 61(상일동. 상일중학교),71.16,54.75,63.58,51.74
송파구,강동송파교육지원청,중학교,잠실여자중학교,서울특별시 송파구 송파대로38길 8(송파동.잠실여자중학교),37.05,82.9,71,27.72
양천구,강서양천교육지원청,중학교,강신중학교,서울특별시 양천구 남부순환로 604(신월동.강신중학교),55.52,49.09,43.28,87.05
강서구,강서양천교육지원청,중학교,등명중학교,서울특별시 강서구 공항대로39길 39(등촌동.등명중학교),56.39,33.86,22.25,65
강서구,강서양천교육지원청,중학교,등원중학교,서울특별시 강서구 화곡로65길 50(등촌동.등원중학교),52.22,33.75,18.72,50.62
양천구,강서양천교육지원청,중학교,목동중학교,서울특별시 양천구 목동동로 172(신정동.목동중학교),87.8,78.98,44.11,77.74
강서구,강서양천교육지원청,중학교,송정중학교,서울특별시 강서구 남부순환로 121(공항동.송정중학교),41.48,86.39,68.84,58.4
양천구,강서양천교육지원청,중학교,신화중학교,서울특별시 양천구 남부순환로29길 35. 신화중학교 (신월동),,,50.12,67.18
강남구,강남서초교육지원청,중학교,대명중학교,서울특별시 강남구 역삼로87길 26(대치동. 대명중학교),89.39,52.89,40.79,84.02
서초구,강남서초교육지원청,중학교,서운중학교,서울특별시 서초구 서운로 115(서초동. 서운중학교),83.22,73.69,36.48,71.17
서초구,강남서초교육지원청,중학교,이수중학교,서울특별시 서초구 방배중앙로3길 32(방배동.이수중학교),79.23,48.31,35.13,78.38
강남구,강남서초교육지원청,중학교,단국대학교사범대학부속중학교,서울특별시 강남구 도곡로64길 21(대치동)단국대학교사범대학부속중학교,90.85,86.39,32.19,30.42
서초구,강남서초교육지원청,중학교,세화여자중학교,서울특별시 서초구 신반포로 56-7(반포동),33.39,61.64,27.76,65.89
관악구,동작관악교육지원청,중학교,봉원중학교,서울특별시 관악구 관악로24가길 15. 봉원중학교 (봉천동.봉원중학교),28.96,33.61,56.47,80.24
광진구,성동광진교육지원청,중학교,광장중학교,서울특별시 광진구 광장로1길 1. 광장중학교 (광장동),60.79,52.53,30.72,63.19
광진구,성동광진교육지원청,중학교,신양중학교,서울특별시 광진구 자양강변길 73. 신양중학교 (자양동),39.3,5.34,46.51,69.11
성동구,성동광진교육지원청,중학교,한양대학교사범대학부속중학교,서울특별시 성동구 마조로 42(사근동.한양사대부속중·고등학교),55.56,27.9,64.52,80.92
강북구,성북강북교육지원청,중학교,인수중학교,서울특별시 강북구 인수봉로75길 10(수유동. 인수중학교),58.17,43.46,33.7,67.02
강북구,성북강북교육지원청,중학교,솔샘중학교,서울특별시 강북구 인수봉로 39(미아동. 솔샘중.고등학교),33.23,16.24,44.61,28.53
성북구,성북강북교육지원청,중학교,길음중학교,서울특별시 성북구 길음로 144. 길음중학교 (길음동),75.17,51.58,37.9,76.13
성북구,성북강북교육지원청,중학교,용문중학교,서울특별시 성북구 고려대로17가길 46(안암동2가. 용문중고등학교),6.07,3.55,5.79,39.98
강남구,강남서초교육지원청,고등학교,경기고등학교,서울특별시 강남구 영동대로 643. 경기고등학교 (삼성동),76.76,64.55,43.13,20.72
관악구,동작관악교육지원청,고등학교,당곡고등학교,서울특별시 관악구 봉천로21길 108. 당곡고등학교 (봉천동),77.77,37.38,38.22,39.74
서초구,강남서초교육지원청,고등학교,반포고등학교,서울특별시 서초구 고무래로 71(반포동.반포고등학교),57.63,38.49,58.97,47.14
서초구,강남서초교육지원청,고등학교,언남고등학교,서울 서초구 동산로13길 35(양재동. 언남고등학교),56.24,81.76,48.49,10.28
송파구,강동송파교육지원청,고등학교,오금고등학교,서울특별시 송파구 중대로 247(오금동),77.57,64.27,50.83,84.99
송파구,강동송파교육지원청,고등학교,방산고등학교,서울특별시 송파구 오금로27길 18(방이동),81.76,72.04,63.24,41.33
은평구,서부교육지원청,고등학교,은평고등학교,서울특별시 은평구 갈현로15길 47(구산동),59.95,56.93,77.3,65.71
은평구,서부교육지원청,고등학교,신도고등학교,서울특별시 은평구 통일로 961(진관동),41.51,53.71,33.18,23.08
동대문구,동부교육지원청,고등학교,경희고등학교,서울특별시 동대문구 경희대로 26(회기동. 경희고등학교),72.47,61.01,49.02,28.38
서초구,강남서초교육지원청,고등학교,상문고등학교,서울특별시 서초구 명달로 45(방배동.상문고등학교),68.32,71.19,35.34,24.42
서초구,강남서초교육지원청,고등학교,세화고등학교,서울특별시 서초구 신반포로 56-7(반포동),78.64,81.76,43.88,37.32
은평구,서부교육지원청,고등학교,숭실고등학교,서울특별시 은평구 은평터널로7길 6(신사동),66.49,70.28,36.4,55.89
양천구,강서양천교육지원청,고등학교,양천고등학교,서울특별시 양천구 신정로14길 13(신정동.양천고등학교),82.35,72.43,56.18,52.44
영등포구,남부교육지원청,고등학교,장훈고등학교,서울특별시 영등포구 영등포로64길 26. 장훈고등학교 (신길동),65.71,81.76,35.94,28.58
종로구,중부교육지원청,고등학교,중앙고등학교,서울특별시 종로구 창덕궁길 164(계동),79.33,48.52,61.53,48.22
서초구,강남서초교육지원청,고등학교,동덕여자고등학교,서울특별시 서초구 효령로2길 123-5(방배동),55.29,39.79,60.15,45.96
송파구,강동송파교육지원청,고등학교,보인고등학교,서울특별시 송파구 오금로49길 18. 보인고등학교 (오금동),85.48,62.58,46.45,43.6
중랑구,동부교육지원청,고등학교,송곡여자고등학교,서울특별시 중랑구 양원역로 67. 송곡여자고등학교 (망우동),39.05,81.76,55.62,72.09
동작구,동작관악교육지원청,고등학교,숭의여자고등학교,서울특별시 동작구 여의대방로36길 79. 숭의여자고등학교 (대방동),63.13,56.81,59.15,48.33
송파구,강동송파교육지원청,고등학교,잠실여자고등학교,서울특별시 송파구 송파대로38길 8(송파동) 잠실여자고등학교,72.29,68.28,30.17,35.88
송파구,강동송파교육지원청,고등학교,정신여자고등학교,서울특별시 송파구 올림픽로4길 16. 정신여자고등학교 (잠실동),74.07,55.91,54.34,48.22
마포구,서부교육지원청,고등학교,홍익대학교사범대학부속여자고등학교,서울특별시 마포구 성미산로 51(성산동. 여자고등학교),61.86,43.3,59.63,48.69
서대문구,서부교육지원청,고등학교,한성과학고등학교,서울특별시 서대문구 통일로 279-79. 한성과학고등학교 (현저동),9.89,26.29,26.88,13.26
강동구,강동송파교육지원청,고등학교,한영외국어고등학교,서울특별시 강동구 동남로 832한영외국어고등학교(상일동),54.04,70.27,38.73,28.22
성북구,성북강북교육지원청,고등학교,서울도시과학기술고등학교,서울특별시 성북구 종암로 196(하월곡동.서울도시과학기술고등학교),1.77,56.67,91.66,35.88
노원구,북부교육지원청,고등학교,염광메디텍고등학교,서울특별시 노원구 월계로45가길 9. 염광메디텍고등학교 (월계동),20.67,50.37,35.94,7.92
종로구,중부교육지원청,고등학교,서일문화예술고등학교,서울특별시 종로구 지봉로17길 49. 서일문화예술고등학교 (창신동. 서일문화예술고등학교),19.94,35.86,62.66,67.92
노원구,북부교육지원청,고등학교,서울동산고등학교,서울특별시 노원구 공릉로 257(공릉동),50.64,33.45,68.13,34.86
관악구,동작관악교육지원청,고등학교,서울여자상업고등학교,서울특별시 관악구 관악로 85(봉천동.서울여자상업고등학교),13.58,81.76,52.08,66.07
중구,중부교육지원청,고등학교,대경생활과학고등학교,서울특별시 중구 매봉18길 111. 대경생활과학고등학교 (신당동),10.45,14.3,46.62,22.93
강서구,강서양천교육지원청,고등학교,서울백영고등학교,서울특별시 강서구 방화대로34길 13서울백영고등학교 (방화동),41.28,7.51,35.23,11.41
영등포구,남부교육지원청,고등학교,한국제과학교,서울특별시 영등포구 여의대방로61길 42(신길동),2.81,49.32,61.55,49.2
금천구,남부교육지원청,중학교,금천문화예술정보학교,서울특별시 금천구 남부순환로126길 25. 금천문화예술정보학교 (독산동),,,50.12,32.88
동대문구,동부교육지원청,중학교,성일중학교,서울특별시 동대문구 왕산로23길 55(제기동),43.36,37.23,36.85,56.22
중랑구,동부교육지원청,중학교,신현중학교,서울특별시 중랑구 봉화산로 162. 신현중학교 (상봉동),50.71,52.95,71.68,87.33
은평구,서부교육지원청,중학교,구산중학교,서울특별시 은평구 갈현로15길 20-23(구산동.구산중학교),42.71,37.54,41.6,87.01
마포구,서부교육지원청,중학교,상암중학교,서울특별시 마포구 상암산로1길 26(상암동),76.04,71.57,68.06,82.61
구로구,남부교육지원청,중학교,고척중학교,서울특별시 구로구 중앙로3길 20. 고척중학교 (고척동),67.8,41.32,38.07,88.46
금천구,남부교육지원청,중학교,문성중학교,서울특별시 금천구 독산로102길 78. 문성중학교 (독산동),40.53,45.2,51.41,61.02
금천구,남부교육지원청,중학교,안천중학교,서울특별시 금천구 한내로 69-44(독산동.안천중학교),77.92,51.43,39.69,64.2
영등포구,남부교육지원청,중학교,선유중학교,서울특별시 영등포구 선유로 213(양평동3가),67.4,86.39,75.66,67.1
영등포구,남부교육지원청,중학교,여의도중학교,서울특별시 영등포구 국제금융로7길 46. 여의도중학교 (여의도동),52.38,69.35,65.48,80.03
구로구,남부교육지원청,중학교,오류중학교,서울특별시 구로구 고척로27바길 19(고척동),44.67,86.39,78.82,74.07
구로구,남부교육지원청,중학교,항동중학교,서울특별시 구로구 연동로 239-2(항동. 항동중학교),75.02,39.11,23.49,33.81
영등포구,남부교육지원청,중학교,신길중학교,서울특별시 영등포구 신길로28길 43(신길동. 신길중학교),59.12,48.63,20.67,32.84
노원구,북부교육지원청,중학교,노원중학교,서울특별시 노원구 동일로213길 26(상계동.노원중학교),66.16,57.92,34.96,52.63
도봉구,북부교육지원청,중학교,창동중학교,서울특별시 도봉구 방학로 32창동중학교 (방학동),73.64,36.96,36.48,71.77
노원구,북부교육지원청,중학교,태랑중학교,서울특별시 노원구 화랑로51나길 51(공릉동. 태랑중학교),59.3,61.31,43.45,62.75
노원구,북부교육지원청,중학교,상명중학교,서울특별시 노원구 덕릉로 553(중계동.상명중학교),85.26,23.82,16.38,34.41
용산구,중부교육지원청,중학교,선린중학교,서울특별시 용산구 원효로97길 33-4(청파동3가),48.01,43.07,54.44,78.5
용산구,중부교육지원청,중학교,용강중학교,서울특별시 용산구 이촌로65가길 91(이촌동),48.03,48.74,40.54,73.18
용산구,중부교육지원청,중학교,배문중학교,서울특별시 용산구 효창원로 258. 배문중학교 (서계동),7.22,10.62,27.79,59.69
송파구,강동송파교육지원청,중학교,방산중학교,서울특별시 송파구 오금로29길 31(방이동. 방산중학교),68.56,55.7,37.69,55.9
강동구,강동송파교육지원청,중학교,신명중학교,서울특별시 강동구 명일로24길 25(길동),63.69,38.43,58.73,85.72
송파구,강동송파교육지원청,중학교,오륜중학교,서울특별시 송파구 양재대로 1242(방이동.오륜중학교),75.02,68.51,68.01,42.15
송파구,강동송파교육지원청,중학교,풍납중학교,서울특별시 송파구 올림픽로43길 20(풍납동),45.76,49.2,62.4,70.16
송파구,강동송파교육지원청,중학교,위례솔중학교,서울특별시 송파구 위례북로2길 10. 위례솔중학교 (거여동),71.39,36.7,12.68,34.09
강동구,강동송파교육지원청,중학교,동신중학교,서울특별시 강동구 진황도로 72(천호동. 동신중학교),23.34,79.3,55.89,64.24
강동구,강동송파교육지원청,중학교,배재중학교,서울특별시 강동구 고덕로 227(고덕동. 배재중학교),80.38,63.11,39.24,84.1
강동구,강동송파교육지원청,중학교,한영중학교,서울특별시 강동구 동남로 832(상일동.한영중학교),68.18,52.21,75.3,90.71
송파구,강동송파교육지원청,중학교,영파여자중학교,서울특별시 송파구 올림픽로 565. 영파여자중학교 (풍납동),37.26,39.34,40.36,49.09
강서구,강서양천교육지원청,중학교,방원중학교,서울특별시 강서구 금낭화로 268. 방원중학교 (방화동.방원중학교),42.71,16.7,54.99,71.53
양천구,강서양천교육지원청,중학교,양서중학교,서울특별시 양천구 남부순환로 380(신월동.양서중학교),30.58,48.61,57.8,69.6
양천구,강서양천교육지원청,중학교,양천중학교,서울특별시 양천구 지양로7길 32(신월동.양천중학교),67.4,45.19,33.69,66.33
강서구,강서양천교육지원청,중학교,수명중학교,서울특별시 강서구 수명로2길 16(내발산동.수명중학교),42.65,75.7,72.6,85.35
강서구,강서양천교육지원청,중학교,덕원중학교,서울특별시 강서구 강서로45길 91-44(내발산동),87.8,67.76,35.7,77.5
강남구,강남서초교육지원청,중학교,개포중학교,서울특별시 강남구 선릉로 9(개포동.개포중학교),73.96,57.41,23.82,36.31
서초구,강남서초교육지원청,중학교,반포중학교,서울특별시 서초구 신반포로 67(반포동.반포중학교),,,50.12,67.18
서초구,강남서초교육지원청,중학교,방배중학교,서울특별시 서초구 동광로 144(반포동.방배중학교),50.03,70.73,42.9,38.44
서초구,강남서초교육지원청,중학교,내곡중학교,서울특별시 서초구 청계산로7길 9-20(신원동) 내곡중학교,48.01,57.91,20.61,8.1
강남구,강남서초교육지원청,중학교,중동중학교,서울특별시 강남구 일원로8길 37중동중학교,63.86,38.39,24.24,70.44
강남구,강남서초교육지원청,중학교,진선여자중학교,서울특별시 강남구 선릉로85길 27(역삼동. 진선여자중학교),90.56,63.08,27.91,74.92
관악구,동작관악교육지원청,중학교,남서울중학교,서울특별시 관악구 남부순환로172길 97. 남서울중학교 (신림동),44.09,7.7,32.67,44.78
동작구,동작관악교육지원청,중학교,동작중학교,서울특별시 동작구 동작대로39가길 83(동작동),49.88,53.06,64.17,73.63
동작구,동작관악교육지원청,중학교,상도중학교,서울특별시 동작구 사당로2가길 72. 상도중학교 (사당동),30.61,23.3,24.07,41.03
동작구,동작관악교육지원청,중학교,장승중학교,서울특별시 동작구 장승배기로10가길 25. 장승중학교 (상도동),63.55,60.04,65.96,88.17
동작구,동작관악교육지원청,중학교,대방중학교,서울특별시 동작구 여의대방로10길 24(신대방동. 대방중학교),66.16,52.11,33.85,65.45
동작구,동작관악교육지원청,중학교,상현중학교,서울특별시 동작구 사당로2길 2-19(상도동),42.45,26.73,51.01,80.07
동작구,동작관악교육지원청,중학교,성남중학교,서울특별시 동작구 대방동길 74(대방동),53.35,53.25,19.23,59.56
성동구,성동광진교육지원청,중학교,동마중학교,서울특별시 성동구 마조로11길 18(마장동),25.66,35.49,62.24,60.41
성동구,성동광진교육지원청,중학교,경일중학교,서울특별시 성동구 성수일로 27(성수동1가),41.48,54.06,70.75,46.35
강북구,성북강북교육지원청,중학교,강북중학교,서울특별시 강북구 한천로150길 67(수유동. 강북중학교),35.09,31.07,51.31,75.48
성북구,성북강북교육지원청,중학교,북악중학교,서울특별시 성북구 정릉로12길 41(정릉동.북악중학교),23.45,65.01,56.17,62.51
성북구,성북강북교육지원청,중학교,홍익대학교사범대학부속중학교,서울특별시 성북구 성북로14가길 23. 홍익대학교사범대학부속중학교 (성북동.홍익대학교부속중고등학교),16.54,7.1,34.44,43.16
성북구,성북강북교육지원청,중학교,성신여자중학교,서울특별시 성북구 북악산로 918.성신여자중학교 (돈암동),71.09,61.03,42.78,71.37
관악구,동작관악교육지원청,고등학교,삼성고등학교,서울특별시 관악구 신림로 41(신림동),19.09,9.41,47.83,27.86
서초구,강남서초교육지원청,고등학교,서울고등학교,서울특별시 서초구 효령로 197(서초동.서울고등학교),82.01,69.28,43.02,24.99
송파구,강동송파교육지원청,고등학교,잠실고등학교,서울특별시 송파구 올림픽로33길 71. 잠실고등학교 (신천동),60.55,68.76,35.94,20.31
용산구,중부교육지원청,고등학교,중경고등학교,서울특별시 용산구 이촌로84길 34(이촌동),44.87,40.23,54.31,35.27
도봉구,북부교육지원청,고등학교,창동고등학교,서울특별시 도봉구 노해로62길 7(창동.창동고등학교),74.91,60.81,33.93,45.92
강동구,강동송파교육지원청,고등학교,명일여자고등학교,서울특별시 강동구 명일로 350(명일동.명일여자고등학교),54.29,52.62,53.5,38.97
영등포구,남부교육지원청,고등학교,영등포여자고등학교,서울특별시 영등포구 영등포로62길 13. 영등포여자고등학교  (신길동)184-3,56.38,18.18,59.53,31.77
강서구,강서양천교육지원청,고등학교,등촌고등학교,서울특별시 강서구 공항대로39길 115. 등촌고등학교 (등촌동),62.77,24.03,66.2,45.24
성동구,성동광진교육지원청,고등학교,경일고등학교,서울특별시 성동구 성수일로 27. 경일고등학교 (성수동1가),36.29,38.14,57.16,27.66
송파구,강동송파교육지원청,고등학교,문정고등학교,서울특별시 송파구 송이로34길 62(문정동.문정고등학교),80.85,71.12,72.14,37.84
강동구,강동송파교육지원청,고등학교,강일고등학교,서울특별시 강동구 아리수로98길 40(강일동),51.98,63.76,47.52,24.27
강북구,성북강북교육지원청,고등학교,삼각산고등학교,서울특별시 강북구 삼양로19길 40(미아동.삼각산고등학교),51.19,40.74,60.67,79.95
송파구,강동송파교육지원청,고등학교,잠일고등학교,서울특별시 송파구 백제고분로 21(잠실동),53.69,33.86,52.95,32.08
성북구,성북강북교육지원청,고등학교,고려대학교사범대학부속고등학교,서울특별시 성북구 정릉로 161(정릉동),44.94,10.51,38.71,71.42
관악구,동작관악교육지원청,고등학교,남강고등학교,서울특별시 관악구 난곡로34길 80(신림동.남강중고등학교),43.35,25.38,19.89,58.26
동대문구,동부교육지원청,고등학교,대광고등학교,서울특별시 동대문구 안암로 6. 대광고등학교 (신설동),90.65,54.04,77.37,41.75
은평구,서부교육지원청,고등학교,대성고등학교,서울특별시 은평구 갈현로29길 51-24. 대성고등학교 (갈현동),33.92,41.84,48.96,42.16
종로구,중부교육지원청,고등학교,대신고등학교,서울특별시 종로구 사직로 9(행촌동),22.25,18.03,29.54,21.03
노원구,북부교육지원청,고등학교,대진고등학교,서울특별시 노원구 공릉로62가길 47. 대진고등학교 (하계동),56.88,62.82,49.84,54.08
강서구,강서양천교육지원청,고등학교,명덕고등학교,서울특별시 강서구 강서로47길 34-10. 명덕고등학교 (내발산동),49.31,53.52,35.94,29.87
송파구,강동송파교육지원청,고등학교,배명고등학교,서울특별시 송파구 삼학사로 11. 배명고등학교 (삼전동),52.49,48.92,38.24,36.81
관악구,동작관악교육지원청,고등학교,서울미술고등학교,서울특별시 관악구 남부순환로247길 26(봉천동.서울미술고등학교),50.55,47.52,42.14,17.38
관악구,동작관악교육지원청,고등학교,영락고등학교,서울특별시 관악구 청룡16길 25. 영락고등학교 (봉천동),33.63,37.17,51,39.17
중구,중부교육지원청,고등학교,장충고등학교,서울특별시 중구 동호로15길 93장충고등학교,49.83,52.73,50.63,17.27
양천구,강서양천교육지원청,고등학교,한가람고등학교,서울특별시 양천구 목동서로 15한가람고등학교 (목동),86.58,81.76,67.3,34.34
성북구,성북강북교육지원청,고등학교,계성고등학교,서울특별시 성북구 길음로 63. 계성고등학교 (길음동),63.06,51.7,40.56,34.34
노원구,북부교육지원청,고등학교,대진여자고등학교,서울특별시 노원구 공릉로 438. 대진여자고등학교 (중계동),51.65,50.21,29.08,33.62
관악구,동작관악교육지원청,고등학교,미림여자고등학교,서울특별시 관악구 호암로 546. 미림여자고등학교 (신림동),28.54,67.7,48.17,17.99
종로구,중부교육지원청,고등학교,배화여자고등학교,서울특별시 종로구 필운대로1길 34(필운동.배화여자고등학교),22.46,34.4,28.21,28.43
용산구,중부교육지원청,고등학교,성심여자고등학교,서울특별시 용산구 원효로19길 49. 성심여자고등학교 (원효로4가),24.22,25.76,66.15,37.99
노원구,북부교육지원청,고등학교,용화여자고등학교,서울특별시 노원구 동일로 1461. 용화여자고등학교 (상계동.용화여자고등학교),57.11,50.77,27.44,30.64
강남구,강남서초교육지원청,고등학교,은광여자고등학교,서울특별시 강남구 남부순환로359길 36(도곡동),84.72,81.76,46.45,29.36
노원구,북부교육지원청,고등학교,혜성여자고등학교,서울특별시 노원구 노원로16길 2(하계동. 혜성여자고등학교),78.43,81.76,54.38,48.9
중랑구,동부교육지원청,고등학교,혜원여자고등학교,서울특별시 중랑구 봉우재로58길 39(망우동),37.96,52.25,44.22,33.52
노원구,북부교육지원청,고등학교,경기기계공업고등학교,서울특별시 노원구 공릉로 264(하계동),13.33,43.86,40.31,56.61
송파구,강동송파교육지원청,고등학교,서울인공지능고등학교,서울특별시 송파구 양산로 21(거여동),6.62,36.68,65.83,35.63
노원구,북부교육지원청,고등학교,미래산업과학고등학교,서울특별시 노원구 덕릉로82길 54(중계동),14.44,47.34,41.94,65.25
은평구,서부교육지원청,고등학교,세명컴퓨터고등학교,서울특별시 은평구 통일로92가길 33(불광동.세명컴퓨터고등학교),22.57,29.91,37.19,49.83
강서구,강서양천교육지원청,고등학교,영등포공업고등학교,서울특별시 강서구 허준로5길 15(가양동),3.87,81.76,58.73,67.61
용산구,중부교육지원청,고등학교,서울디지텍고등학교,서울특별시 용산구 회나무로12길 27(이태원동),23.4,2.19,53.05,23.03
양천구,강서양천교육지원청,고등학교,대일관광고등학교,서울특별시 양천구 신정이펜1로 11. 대일관광고등학교 (신정동. 대일관광고등학교),12.57,81.76,73.5,59.85
강북구,성북강북교육지원청,고등학교,성암국제무역고등학교,서울특별시 강북구 도봉로29길 52(미아동. 성암국제무역고등학교),11.41,38.41,64.64,71.21
강서구,강서양천교육지원청,중학교,여명학교,서울특별시 강서구 허준로 221-22(가양동) 허준로 221-22,7.54,46.71,60.28,49.16
중랑구,동부교육지원청,중학교,봉화중학교,서울특별시 중랑구 망우로70길 89(망우동.봉화중학교),11.02,8.32,62.53,72.34
중랑구,동부교육지원청,중학교,원묵중학교,서울특별시 중랑구 신내로23길 57. 원묵중학교 (묵동),51.49,51.05,55.18,83.62
중랑구,동부교육지원청,중학교,송곡중학교,서울특별시 중랑구 양원역로 67(망우동. 송곡여자중고등학교),7.49,47.13,72.27,26.11
동대문구,동부교육지원청,중학교,정화여자중학교,서울특별시 동대문구 홍릉로15길 50(제기동),2.94,70.52,76.3,64.6
서대문구,서부교육지원청,중학교,신연중학교,서울특별시 서대문구 모래내로 408(연희동),54.54,54.64,90.93,67.18
마포구,서부교육지원청,중학교,아현중학교,서울특별시 마포구 마포대로 247(아현동.아현중학교),45.31,32.81,21.49,75.8
마포구,서부교육지원청,중학교,중암중학교,서울특별시 마포구 월드컵북로38길 25(중동.중암중학교),52.72,56.48,55.14,88.38
마포구,서부교육지원청,중학교,광성중학교,서울 마포구 신수로8길 20(신수동.광성중고등학교),78.43,28.89,33.77,51.87
마포구,서부교육지원청,중학교,동도중학교,서울특별시 마포구 백범로 139동도중학교,84.17,65.76,34.61,65.77
마포구,서부교육지원청,중학교,숭문중학교,서울특별시 마포구 숭문길 99(대흥동.숭문중고등학교),63.43,74.43,41.88,67.42
은평구,서부교육지원청,중학교,영락중학교,서울특별시 은평구 백련산로 134-6. 영락중학교 (응암동),87.36,36.88,24.11,66.41
은평구,서부교육지원청,중학교,충암중학교,서울특별시 은평구 가좌로5길 5(응암동),84.17,54.67,45.7,86.6
은평구,서부교육지원청,중학교,선일여자중학교,서울특별시 은평구 갈현로29길 27. 선일여자중학교 (갈현동),22.44,46.32,62.03,76.65
구로구,남부교육지원청,중학교,구로중학교,서울특별시 구로구 구로중앙로 48(구로동),32.13,34.64,14.75,55.9
영등포구,남부교육지원청,중학교,당산중학교,서울특별시 영등포구 버드나루로 160(당산동),36.31,35.61,41.98,70.93
영등포구,남부교육지원청,중학교,양화중학교,서울특별시 영등포구 당산로 56(문래동3가),65.69,64.17,79.57,87.49
노원구,북부교육지원청,중학교,중계중학교,서울특별시 노원구 덕릉로76길 23(중계동),70.5,53.87,24.48,69.8
도봉구,북부교육지원청,중학교,창북중학교,서울특별시 도봉구 노해로62길 33(창동.창북중학교),41.16,35.17,52.16,64.88
노원구,북부교육지원청,중학교,을지중학교,서울특별시 노원구 덕릉로 580을지중학교(중계동),81.7,60.78,42.04,74.07
도봉구,북부교육지원청,중학교,정의여자중학교,서울특별시 도봉구 노해로49길 69. 정의여자중학교 (쌍문동),31.44,43.12,41.67,66.62
노원구,북부교육지원청,중학교,한국삼육중학교,서울특별시 노원구 화랑로 815. 한국삼육중학교 (공릉동),68.58,38.83,43.24,35.14
중구,중부교육지원청,중학교,금호여자중학교,서울특별시 중구 청구로 6. 금호여자중학교 본관동(주1) (신당동),,,50.12,67.18
중구,중부교육지원청,중학교,대경중학교,서울특별시 중구 매봉18길 111(신당동),32.81,48.3,52.71,58.19
종로구,중부교육지원청,중학교,대신중학교,서울특별시 종로구 사직로 9(행촌동) 대신중학교,9.75,52.85,49.35,52.11
중구,중부교육지원청,중학교,장충중학교,서울특별시 중구 동호로15길 93(신당동),17.13,48.93,63.37,40.87
송파구,강동송파교육지원청,중학교,세륜중학교,서울특별시 송파구 양재대로72길 41(오금동. 세륜중학교),60.79,86.39,72.73,73.02
강동구,강동송파교육지원청,중학교,신암중학교,서울특별시 강동구 고덕로 65. 신암중학교 (암사동),77.05,52.28,61.54,89.58
송파구,강동송파교육지원청,중학교,잠신중학교,서울특별시 송파구 잠실로 12잠신중학교 (잠실동),82.93,65.44,54.22,29.98
송파구,강동송파교육지원청,중학교,잠실중학교,서울특별시 송파구 올림픽로35길 130(신천동),83.66,67.72,27.1,31.23
강동구,강동송파교육지원청,중학교,동북중학교,서울특별시 강동구 강동대로 305(둔촌동),54.26,52.88,28.16,56.3
양천구,강서양천교육지원청,중학교,목일중학교,서울특별시 양천구 목동동로8길 70(신정동. 목일중학교),77.68,63.63,45.58,73.14
양천구,강서양천교육지원청,중학교,신서중학교,서울특별시 양천구 중앙로 206(신정동.신서중학교),81.7,49.7,25.67,53.68
양천구,강서양천교육지원청,중학교,양동중학교,서울특별시 양천구 목동중앙북로 49(목동.양동중학교),60.79,52.78,24.18,68.23
강서구,강서양천교육지원청,중학교,화원중학교,서울특별시 강서구 강서로17나길 86(화곡동.화원중학교),51.33,84.38,51.99,78.38
양천구,강서양천교육지원청,중학교,영도중학교,서울특별시 양천구 목동중앙남로 27. 영도중학교 (목동.강서고등학교),71.39,49.88,51.36,64.08
양천구,강서양천교육지원청,중학교,봉영여자중학교,서울특별시 양천구 목동동로2길 68(신정동),85.76,59.62,56.14,60.41
강남구,강남서초교육지원청,중학교,개원중학교,서울특별시 강남구 영동대로 101. 개원중학교 (개포동.개원중학교),88.74,72.74,63.91,76.85
강남구,강남서초교육지원청,중학교,대왕중학교,서울특별시 강남구 광평로20길 7(수서동),88.52,63.74,43.87,42.55
강남구,강남서초교육지원청,중학교,봉은중학교,서울특별시 강남구 영동대로128길 59(삼성동),18.68,54.33,53.41,12.01
강남구,강남서초교육지원청,중학교,수서중학교,서울특별시 강남구 광평로59길 57(수서동.수서중학교),24.53,61.2,46.81,62.63
서초구,강남서초교육지원청,중학교,신반포중학교,서울특별시 서초구 신반포로19길 26. 신반포중학교 (반포동.신반포중학교),78.91,58.55,26.59,35.9
강남구,강남서초교육지원청,중학교,숙명여자중학교,서울특별시 강남구 남부순환로 2807. 숙명여자중학교(도곡동),68.89,75.91,48.43,82.25
동작구,동작관악교육지원청,중학교,강남중학교,서울특별시 동작구 대방동15길 29(대방동. 강남중학교),26.96,86.39,80.24,70.93
동작구,동작관악교육지원청,중학교,국사봉중학교,서울특별시 동작구 양녕로20길 20. 국사봉중학교 (상도동),48.01,39.49,50.47,67.5
관악구,동작관악교육지원청,중학교,미성중학교,서울특별시 관악구 문성로16길 40(신림동),50.37,23.82,39.54,64.52
관악구,동작관악교육지원청,중학교,봉림중학교,서울특별시 관악구 장군봉길 72(봉천동),12.48,17.2,61.04,67.99
동작구,동작관악교육지원청,중학교,숭의여자중학교,서울특별시 동작구 여의대방로36길 79. 숭의여자중학교 (대방동),61.59,52.63,54,35.62
광진구,성동광진교육지원청,중학교,구의중학교,서울특별시 광진구 광나루로30길 80(화양동),49.75,27.33,39.7,60.41
성북구,성북강북교육지원청,중학교,서울대학교사범대학부설중학교,서울특별시 성북구 월곡로 36(종암동),44.09,84.27,50.45,74.68
성북구,성북강북교육지원청,중학교,삼선중학교,서울특별시 성북구 동소문로3길 69(동소문동4가.삼선중학교),33.9,46.07,35.93,48.97
강북구,성북강북교육지원청,중학교,서라벌중학교,서울특별시 강북구 삼양로155길 37-9. 서라벌중학교 (우이동),29.01,13.86,46.67,68.55
영등포구,남부교육지원청,고등학교,관악고등학교,서울특별시 영등포구 영등포로6길 26(양평동2가),70.48,65.08,73.14,45.34
강남구,강남서초교육지원청,고등학교,압구정고등학교,서울특별시 강남구 압구정로39길 20. 압구정고등학교 (압구정동),57.86,49.98,39.3,31.41
중랑구,동부교육지원청,고등학교,면목고등학교,서울특별시 중랑구 용마산로72길 36-14(면목동.면목고등학교),49.95,53.16,27.28,22.42
노원구,북부교육지원청,고등학교,수락고등학교,서울특별시 노원구 동일로245길 143(상계동.수락고등학교),58.6,31.28,35.63,20.05
관악구,동작관악교육지원청,고등학교,신림고등학교,서울특별시 관악구 문성로 119. 신림고등학교 (신림동),65.82,35.54,62.99,69.72
양천구,강서양천교육지원청,고등학교,신목고등학교,서울특별시 양천구 안양천로 739(신정동.신목고등학교),80.37,52.84,39.19,21.08
영등포구,남부교육지원청,고등학교,영신고등학교,서울특별시 영등포구 대방천로14길 18(신길동.영신고등학교),66.63,56.44,66.46,62.78
용산구,중부교육지원청,고등학교,용산고등학교,서울특별시 용산구 두텁바위로 60(용산동2가.용산고등학교),52.51,62.09,44.28,31.05
중랑구,동부교육지원청,고등학교,태릉고등학교,서울특별시 중랑구 신내로23길 36. 태릉고등학교 (묵동),61.76,43.62,40.21,53.53
노원구,북부교육지원청,고등학교,월계고등학교,서울특별시 노원구 초안산로5길 66(월계동.월계고등학교),44.75,50.98,64.28,76.35
강북구,성북강북교육지원청,고등학교,솔샘고등학교,서울특별시 강북구 인수봉로 39. 솔샘고등학교,61.85,36.73,54.33,35.58
관악구,동작관악교육지원청,고등학교,구암고등학교,서울특별시 관악구 성현로 57(봉천동.구암고등학교),52.36,51.89,38.1,21.39
동대문구,동부교육지원청,고등학교,휘봉고등학교,서울특별시 동대문구 한천로 290(휘경동),42.38,48.52,38.77,18.56
서대문구,서부교육지원청,고등학교,가재울고등학교,서울특별시 서대문구 수색로 100-35(북가좌동),78.43,36.36,35.46,61.03
동작구,동작관악교육지원청,고등학교,경문고등학교,서울특별시 동작구 동작대로 171. 경문고등학교 (동작동),72.09,46.62,26.67,27.25
마포구,서부교육지원청,고등학교,경성고등학교,서울특별시 마포구 성미산로 111. 경성고등학교 (연남동),64.81,26.12,26.65,9.25
강동구,강동송파교육지원청,고등학교,광문고등학교,서울특별시 강동구 동남로 968광문고등학교 (고덕동),79.83,55.51,51.51,56.96
양천구,강서양천교육지원청,고등학교,광영고등학교,서울특별시 양천구 남부순환로30길 17(신월동.광영고등학교),60.48,55.41,35.08,67.82
은평구,서부교육지원청,고등학교,선정고등학교,서울특별시 은평구 서오릉로20길 19. 선정고등학교 (갈현동),59.52,62.45,61.26,84.07
강북구,성북강북교육지원청,고등학교,신일고등학교,서울특별시 강북구 솔매로49길 20(미아동),60.99,54.96,61.17,43.85
강서구,강서양천교육지원청,고등학교,영일고등학교,서울특별시 강서구 등촌로51가길 26. 영일고등학교 (등촌동),43.39,56.62,60.32,48.22
은평구,서부교육지원청,고등학교,충암고등학교,서울특별시 은평구 가좌로5길 5(응암동),68.3,69.37,42.43,63.66
노원구,북부교육지원청,고등학교,한국삼육고등학교,서울특별시 노원구 화랑로 815(공릉동),41.42,46.79,42.67,16.61
강서구,강서양천교육지원청,고등학교,화곡고등학교,서울특별시 강서구 강서로45길 69. 화곡고등학교 (내발산동),47.4,81.76,67.52,84.99
중구,중부교육지원청,고등학교,환일고등학교,서울특별시 중구 환일길 47(만리동2가),17.31,10.13,20.93,13.11
강남구,강남서초교육지원청,고등학교,휘문고등학교,서울특별시 강남구 역삼로 541(대치동),79.48,81.76,37.98,38.15
양천구,강서양천교육지원청,고등학교,광영여자고등학교,서울특별시 양천구 남부순환로30길 17. 광영여자고등학교 (신월동),87.32,66.82,40.34,76.35
노원구,북부교육지원청,고등학교,상명고등학교,서울특별시 노원구 덕릉로 553. 상명고등학교 (중계동),65.61,45.91,47.17,85.51
송파구,강동송파교육지원청,고등학교,영동일고등학교,서울특별시 송파구 석촌호수로 93영동일고등학교 (잠실동),78.43,66.46,34.98,34.65
노원구,북부교육지원청,고등학교,청원여자고등학교,서울특별시 노원구 한글비석로 506. 청원여자고등학교 (상계동.청원초/중/고등학교),48.45,64.64,27.57,50.03
구로구,남부교육지원청,고등학교,오류고등학교,서울특별시 구로구 오리로21길 2(궁동. 오류고등학교),48.24,61.14,40.66,18.41
강서구,강서양천교육지원청,고등학교,동양고등학교,서울특별시 강서구 허준로 50(가양동.동양고등학교),27.56,4.77,47.85,21.18
강서구,강서양천교육지원청,고등학교,덕원예술고등학교,서울특별시 강서구 강서로45길 91-44. 덕원예술고등학교 (내발산동),95.65,21.33,43.21,23.7
강서구,강서양천교육지원청,고등학교,서울디지털콘텐츠고등학교,서울특별시 강서구 방화대로47길 9(방화동.서울디지털콘텐츠고등학교),7,59.43,91.89,31.46
성동구,성동광진교육지원청,고등학교,서울방송고등학교,서울특별시 성동구 동호로5길 131(옥수동),9.26,43.33,50.65,56
강남구,강남서초교육지원청,고등학교,대진디자인고등학교,서울특별시 강남구 광평로39길 93(수서동.대진디자인고등학교),20.64,11.56,52.47,60.52
은평구,서부교육지원청,고등학교,신진과학기술고등학교,서울특별시 은평구 은평로6길 16(응암동.학교법인신진학원),11.75,40.78,42.58,55.38
은평구,서부교육지원청,고등학교,예일디자인고등학교,서울특별시 은평구 연서로 117. 예일디자인고등학교 (구산동),31.26,54.44,59.03,74.71
양천구,강서양천교육지원청,고등학교,서울금융고등학교,서울특별시 양천구 가로공원로61길 19. 서울금융고등학교 (신월동),5.03,81.76,91.55,67.51
중구,중부교육지원청,고등학교,성동글로벌경영고등학교,서울특별시 중구 퇴계로 375(신당동. 성동글로벌경영고등학교),10.87,54.31,88.15,69.98
동대문구,동부교육지원청,고등학교,서울정화고등학교,서울특별시 동대문구 홍릉로15길 50(제기동)서울정화고등학교,11.31,81.76,59.57,16.04
구로구,남부교육지원청,고등학교,예림디자인고등학교,서울특별시 구로구 오리로21길 2(궁동.예림디자인고등학교),30.51,57.85,80.53,69.57
도봉구,북부교육지원청,고등학교,세그루패션디자인고등학교,서울특별시 도봉구 시루봉로 53세그루패션디자인고등학교(쌍문동),16.57,16.77,53.66,72.34
중랑구,동부교육지원청,고등학교,송곡관광고등학교,서울특별시 중랑구 양원역로 67송곡관광고등학교(망우동),15.38,81.76,92.5,68.44
관악구,동작관악교육지원청,중학교,서울산업정보학교,서울특별시 관악구 신림로 67. 서울산업정보학교 (신림동),,,50.12,32.88
중구,중부교육지원청,중학교,서울실용음악고등학교,서울특별시 중구 퇴계로88가길 8(신당동.서울실용음악고등학교),66.32,47.77,60.28,49.16
성동구,성동광진교육지원청,중학교,서울온라인학교,서울특별시 성동구 왕십리로 199(행당동) 후관 4층 서울온라인학교,,,50.12,32.88
동대문구,동부교육지원청,중학교,장평중학교,서울특별시 동대문구 답십리로72길 158. 장평중학교 (장안동),56.35,72.21,79.3,89.75
동대문구,동부교육지원청,중학교,전농중학교,서울특별시 동대문구 사가정로13길 71(전농동.전농중학교),54.35,58.14,59.42,52.8
동대문구,동부교육지원청,중학교,전동중학교,서울특별시 동대문구 장안벚꽃로 291(휘경동.전동중학교),44.76,24.62,31.77,54.37
중랑구,동부교육지원청,중학교,용마중학교,서울특별시 중랑구 면목로28길 18(면목동. 용마중학교),38.14,67.66,73.06,74.27
중랑구,동부교육지원청,중학교,영란여자중학교,서울특별시 중랑구 망우로73길 56(망우동),9.35,49.3,80.36,64.24
중랑구,동부교육지원청,중학교,혜원여자중학교,서울특별시 중랑구 봉우재로 58길 39(망우동),29.39,15.58,48.24,60.09
은평구,서부교육지원청,중학교,불광중학교,서울특별시 은평구 불광로 180. 불광중학교 (불광동),33.98,29.09,44.4,75.88
서대문구,서부교육지원청,중학교,연북중학교,서울특별시 서대문구 연희로36길 32(연희동),16.97,48.4,85.15,67.58
은평구,서부교육지원청,중학교,은평중학교,서울특별시 은평구 갈현로17나길 12-1(구산동),35.85,39.61,47.97,64.12
은평구,서부교육지원청,중학교,증산중학교,서울특별시 은평구 증산로5길 27-30. 증산중학교 (증산동),39.35,53.38,54.29,60.05
은평구,서부교육지원청,중학교,신도중학교,서울특별시 은평구 진관1로 77-30(진관동),60.79,71.05,58.92,75
서대문구,서부교육지원청,중학교,이화여자대학교사범대학부속이화?금란중학교,서울특별시 서대문구 성산로 520(대신동),74.45,68.61,60.83,32.8
영등포구,남부교육지원청,중학교,영남중학교,서울특별시 영등포구 대림로31나길 17. 영남중학교 (대림동),53.67,54.13,45.37,64.48
구로구,남부교육지원청,중학교,오남중학교,서울특별시 구로구 오리로9길 25(오류동),64.85,51.47,69.27,86.52
구로구,남부교육지원청,중학교,우신중학교,서울특별시 구로구 부일로 917. 우신중학교 (궁동),45.76,80.25,82.59,65.89
노원구,북부교육지원청,중학교,노일중학교,서울특별시 노원구 동일로231길 24. 노일중학교 (상계동),52.22,86.39,63.37,61.22
도봉구,북부교육지원청,중학교,백운중학교,서울특별시 도봉구 도봉로129길 50(쌍문동),26.02,71.26,75.19,75.16
도봉구,북부교육지원청,중학교,북서울중학교,서울특별시 도봉구 도봉로169가길 33(도봉동),30.99,19.48,21.68,52.23
노원구,북부교육지원청,중학교,신창중학교,서울 노원구 월계로45길 92(월계동.신창중학교),49.1,42.55,51.39,66.66
노원구,북부교육지원청,중학교,온곡중학교,서울특별시 노원구 노원로 492(상계동.온곡중학교),64.85,20.89,47.51,81.57
노원구,북부교육지원청,중학교,중평중학교,서울특별시 노원구 동일로203길 87(하계동.중평중학교),73.64,61.24,36.02,77.78
노원구,북부교육지원청,중학교,광운중학교,서울특별시 노원구 광운로1길 24(월계동.광운중학교),62.39,66.18,88.36,74.11
노원구,북부교육지원청,중학교,재현중학교,서울특별시 노원구 덕릉로82길 64(중계동.재현중/고등학교),72.48,57.55,42.99,82.13
노원구,북부교육지원청,중학교,청원중학교,서울특별시 노원구 한글비석로 506. 청원중학교 (상계동.청원초/중/고등학교),69.86,53.25,16.21,59.56
종로구,중부교육지원청,중학교,서울대학교사범대학부설여자중학교,서울특별시 종로구 대학로 64. 서울대학교사범대학부설여자중학교 (이화동),35.16,47.34,77.68,70.04
종로구,중부교육지원청,중학교,배화여자중학교,서울특별시 종로구 필운대로1길 34배화여자중학교,30.16,17.38,46.43,66.58
송파구,강동송파교육지원청,중학교,거원중학교,서울특별시 송파구 양산로2길 30(거여동.거원중학교),55.56,27.3,24.35,64.64
송파구,강동송파교육지원청,중학교,오금중학교,서울특별시 송파구 오금로35길 20(오금동.오금중학교),62.39,38.43,59.58,74.68
강동구,강동송파교육지원청,중학교,명일중학교,서울특별시 강동구 양재대로156길 57(고덕동.명일중학교),72.92,76.02,41.49,69.28
강동구,강동송파교육지원청,중학교,강명중학교,서울특별시 강동구 상일로12길 56(강일동. 강명중학교),47.07,56.68,25.3,67.54
송파구,강동송파교육지원청,중학교,배명중학교,서울특별시 송파구 삼학사로 11(삼전동.배명중고등학교),25.07,23.88,38.83,71.94
강동구,강동송파교육지원청,중학교,성덕여자중학교,서울특별시 강동구 구천면로 396. 성덕여자중학교 (천호동),49.89,48.52,67.65,84.27
강서구,강서양천교육지원청,중학교,방화중학교,서울특별시 강서구 개화동로27길 9(방화동),38.72,9.12,37.14,45.66
강서구,강서양천교육지원청,중학교,염경중학교,서울특별시 강서구 양천로69길 35(염창동.염경중학교),52.87,27.85,44.39,79.83
강서구,강서양천교육지원청,중학교,신정여자중학교,서울특별시 강서구 등촌로13아길 20신정여자중학교,44.79,63.16,81.44,78.5
강서구,강서양천교육지원청,중학교,마곡하늬중학교,서울특별시 강서구 마곡서1로 16(마곡동),65.64,73.06,42.86,40.94
강남구,강남서초교육지원청,중학교,구룡중학교,서울특별시 강남구 선릉로 103(개포동.구룡중학교),85.26,49.36,42.51,93.29
강남구,강남서초교육지원청,중학교,도곡중학교,서울특별시 강남구 언주로57길 31(도곡동.도곡중학교),83.66,64.65,42.37,68.91
강남구,강남서초교육지원청,중학교,신구중학교,서울특별시 강남구 압구정로36길 17(신사동.신구중학교),24.1,59.19,61.55,68.87
강남구,강남서초교육지원청,중학교,언북중학교,서울특별시 강남구 도산대로38길 27(논현동.언북중학교),58.17,63.96,77.81,62.87
관악구,동작관악교육지원청,중학교,난우중학교,서울특별시 관악구 난곡로16길 32. 난우중학교 (신림동),56.36,74.11,67.12,66.5
관악구,동작관악교육지원청,중학교,당곡중학교,서울특별시 관악구 봉천로13길 101. 당곡중학교 (봉천동),31.63,32.85,25.37,51.79
관악구,동작관악교육지원청,중학교,인헌중학교,서울특별시 관악구 인헌9길 35. 인헌중학교 (봉천동),28.87,54.77,35.96,54
관악구,동작관악교육지원청,중학교,남강중학교,서울특별시 관악구 난곡로34길 80(신림동.남강중고등학교),13.06,6.85,60.07,66.58
성동구,성동광진교육지원청,중학교,광희중학교,서울특별시 성동구 독서당로62길 46. 광희중학교 (응봉동),70.61,63.16,74.72,70.2
성동구,성동광진교육지원청,중학교,옥정중학교,서울특별시 성동구 한림말길 11. 옥정중학교 (옥수동),55.56,56.23,31.68,68.95
광진구,성동광진교육지원청,중학교,양진중학교,서울특별시 광진구 워커힐로 32. 양진중학교,63.52,59.86,38.73,77.82
광진구,성동광진교육지원청,중학교,건국대학교사범대학부속중학교,서울특별시 광진구 자양로 145-1건국대학교사범대학부속중학교,64.95,55.39,46.98,46.99
광진구,성동광진교육지원청,중학교,동국대학교사범대학부속가람중학교,서울특별시 광진구 광나루로36길 47. 동국대학교사범대학부속가람중학교 (구의동),49,49.78,78.85,44.2
강북구,성북강북교육지원청,중학교,수유중학교,서울특별시 강북구 인수봉로37길 40(수유동.수유중학교),37.21,46.52,57.29,70.93
성북구,성북강북교육지원청,중학교,월곡중학교,서울특별시 성북구 장월로 6(상월곡동.월곡중학교),58.38,73.9,82.64,82.94
강북구,성북강북교육지원청,중학교,화계중학교,서울특별시 강북구 화계사길 63(수유동),41.86,38.31,54.72,67.95
성북구,성북강북교육지원청,중학교,개운중학교,서울특별시 성북구 북악산로 935(돈암동.개운중학교),76.04,57.82,71.62,93.94
서초구,강남서초교육지원청,고등학교,양재고등학교,서울특별시 서초구 남부순환로346길 9(서초동.양재고등학교),64.92,34.21,45.18,51.82
영등포구,남부교육지원청,고등학교,여의도고등학교,서울특별시 영등포구 국제금융로7길 37(여의도동),54.27,58.26,49.38,35.37
송파구,강동송파교육지원청,고등학교,잠신고등학교,서울특별시 송파구 잠실로 24. 잠신고등학교 (잠실동),57.77,81.76,77.11,48.84
동대문구,동부교육지원청,고등학교,청량고등학교,서울특별시 동대문구 왕산로 303(청량리동. 청량고등학교),59.96,18.77,39.95,43.08
강북구,성북강북교육지원청,고등학교,혜화여자고등학교,서울특별시 강북구 인수봉로 127(수유동.혜화여자고등학교),60.34,18.53,45.76,65.87
중랑구,동부교육지원청,고등학교,원묵고등학교,서울특별시 중랑구 숙선옹주로 82. 원묵고등학교 (묵동),61.83,35.28,43.62,37.17
강서구,강서양천교육지원청,고등학교,수명고등학교,서울특별시 강서구 수명로2길 15. 수명고등학교 (내발산동),64.16,58.38,75.88,70.8
강동구,강동송파교육지원청,고등학교,강동고등학교,서울특별시 강동구 구천면로 572(상일동),67.41,49.6,48.2,48.99
양천구,강서양천교육지원청,고등학교,강서고등학교,서울특별시 양천구 목동중앙남로 27. 강서고등학교 (목동),67.98,81.76,40.98,35.27
광진구,성동광진교육지원청,고등학교,건국대학교사범대학부속고등학교,서울특별시 광진구 능동로 120. 건국대학교사범대학부속고등학교 (화양동),54.23,68.46,48.17,76.3
마포구,서부교육지원청,고등학교,광성고등학교,서울특별시 마포구 신수로8길 20(신수동),56.63,40.04,39.23,43.7
금천구,남부교육지원청,고등학교,문일고등학교,서울특별시 금천구 시흥대로47길 45(시흥동),38.03,42.57,25.12,63.04
강동구,강동송파교육지원청,고등학교,배재고등학교,서울특별시 강동구 고덕로 227(고덕동.배재중 고등학교),74.91,66.92,45.92,38.25
송파구,강동송파교육지원청,고등학교,덕수고등학교,서울특별시 송파구 위례북로 10(거여동. 덕수고등학교),71.85,43.61,64.59,87.87
도봉구,북부교육지원청,고등학교,선덕고등학교,서울특별시 도봉구 시루봉로 53.  선덕고등학교 (쌍문동),58.18,70.65,42.01,44.32
구로구,남부교육지원청,고등학교,우신고등학교,서울특별시 구로구 부일로 917. 우신고등학교 (궁동),58.22,40.54,59.39,39.23
서대문구,서부교육지원청,고등학교,인창고등학교,서울특별시 서대문구 경기대로 65. 인창고등학교 (충정로2가),26.18,24.05,63.26,37.53
강남구,강남서초교육지원청,고등학교,중산고등학교,서울특별시 강남구 일원로14길 22. 중산고등학교(일원동),83.72,52.82,29.73,35.06
강서구,강서양천교육지원청,고등학교,한광고등학교,서울특별시 강서구 등촌로13길 110(화곡동),58.6,36.04,37.35,8.12
강서구,강서양천교육지원청,고등학교,경복여자고등학교,서울특별시 강서구 화곡로63길 40. 경복여자고등학교 (등촌동),72.78,55.53,34.79,20.36
은평구,서부교육지원청,고등학교,선일여자고등학교,서울특별시 은평구 갈현로29길 27(갈현동),46.19,63.9,35.94,59.49
용산구,중부교육지원청,고등학교,신광여자고등학교,서울특별시 용산구 청파로 263. 신광여자고등학교 (청파동3가),27.18,35.32,32.78,15.11
송파구,강동송파교육지원청,고등학교,영파여자고등학교,서울특별시 송파구 올림픽로 565. 영파여자고등학교 (풍납동.영파여자고등학교),76.76,81.76,67.37,48.38
도봉구,북부교육지원청,고등학교,정의여자고등학교,서울특별시 도봉구 노해로49길 69(쌍문동),35.12,53.89,46.23,38.87
강북구,성북강북교육지원청,고등학교,창문여자고등학교,서울특별시 강북구 월계로 61. 창문여자고등학교 (미아동),83.47,81.76,66.47,90.13
금천구,남부교육지원청,고등학교,국립전통예술고등학교,서울특별시 금천구 시흥대로38길 62(시흥동),62.77,17.01,21.84,19.48
광진구,성동광진교육지원청,고등학교,선화예술고등학교,서울특별시 광진구 천호대로 664(능동),59.36,81.76,53.45,55.52
광진구,성동광진교육지원청,고등학교,대원외국어고등학교,서울특별시 광진구 용마산로22길 26. 대원외국어고등학교 (중곡동),54.04,58.9,45.7,30.95
강서구,강서양천교육지원청,고등학교,명덕외국어고등학교,서울특별시 강서구 강서로47길 34-10. 명덕외국어고등학교 (내발산동.명덕여자고등학교),59.32,58.25,35.94,29.36
강남구,강남서초교육지원청,고등학교,서울로봇고등학교,서울특별시 강남구 광평로20길 63. 서울로봇고등학교 (일원동),12.16,14.62,35.68,23.85
중구,중부교육지원청,고등학교,성동공업고등학교,서울특별시 중구 다산로 290(흥인동),7.06,16.84,65.82,74.97
영등포구,남부교육지원청,고등학교,한강미디어고등학교,서울특별시 영등포구 선유로55길 22(양평동4가.한강미디어고등학교),17.25,67.44,81.02,67.92
마포구,서부교육지원청,고등학교,서울디자인고등학교,서울특별시 마포구 백범로 139서울디자인고등학교,19.05,61.91,47.94,57.02
노원구,북부교육지원청,고등학교,서울아이티고등학교,서울특별시 노원구 섬밭로 299(중계동.서울아이티고등학교),19.2,46.61,51.58,71.73
관악구,동작관악교육지원청,고등학교,광신방송예술고등학교,서울특별시 관악구 광신길 141(신림동. 광신방송예술고등학교),42.04,5.95,31.37,32.75
동대문구,동부교육지원청,고등학교,해성국제컨벤션고등학교,서울특별시 동대문구 전농로20길 31. 해성국제컨벤션고등학교 (전농동),7.98,15.93,30.77,57.54
마포구,서부교육지원청,고등학교,홍익디자인고등학교,서울특별시 마포구 성미산로 111(연남동),31.25,50.5,53.65,27.14
은평구,서부교육지원청,고등학교,선정국제관광고등학교,서울특별시 은평구 서오릉로20길 19. 선정국제관광고등학교 (갈현동),30.48,2.91,44.13,67.82
마포구,서부교육지원청,중학교,아현산업정보학교,서울특별시 마포구 마포대로 249(아현동. 아현산업정보학교),,,50.12,32.88
종로구,중부교육지원청,중학교,서울다솜관광고등학교,서울특별시 종로구 종로58길 30(숭인동),8.63,47.03,60.28,16.68
종로구,중부교육지원청,중학교,오디세이학교,서울특별시 종로구 종로58길 30(숭인동),,,50.12,32.88
중랑구,동부교육지원청,중학교,동원중학교,서울특별시 중랑구 양원역로 32(망우동. 동원중학교),44.82,40.92,23.81,58.68
중랑구,동부교육지원청,중학교,장안중학교,서울특별시 중랑구 동일로 780. 장안중학교 (중화동),24.38,23.43,45.13,56.54
동대문구,동부교육지원청,중학교,숭인중학교,서울특별시 동대문구 천호대로47길 34(답십리동. 숭인중학교),24.29,69.14,61.11,57.31
중랑구,동부교육지원청,중학교,상봉중학교,서울특별시 중랑구 상봉중앙로8나길 28(상봉동),53.24,58.14,49.9,81.57
동대문구,동부교육지원청,중학교,동국대학교사범대학부속중학교,서울특별시 동대문구 장안벚꽃로 201(장안동),57.44,32.13,32.47,68.87
은평구,서부교육지원청,중학교,연신중학교,서울특별시 은평구 연서로33길 16-32(연신중학교. 불광동),22.85,26.95,66.75,75.72
서대문구,서부교육지원청,중학교,연희중학교,서울특별시 서대문구 증가로 170(남가좌동),75.02,58.81,36.05,58.56
서대문구,서부교육지원청,중학교,인왕중학교,서울특별시 서대문구 세검정로4길. 69 (홍제동),25.7,15.77,67.26,68.71
은평구,서부교육지원청,중학교,선정중학교,서울특별시 은평구 서오릉로20길 19. 선정중학교 (갈현동),31.88,59.58,21.14,62.14
은평구,서부교육지원청,중학교,예일여자중학교,서울특별시 은평구 연서로 117(구산동),82.35,81.52,80.38,90.83
서대문구,서부교육지원청,중학교,중앙여자중학교,서울특별시 서대문구 북아현로11가길 7(북아현동. 중앙여자중학교),15.34,60.68,47.06,44.9
구로구,남부교육지원청,중학교,개웅중학교,서울특별시 구로구 개봉로11길 81. 개웅중학교 (개봉동.개웅중학교),52.94,42.16,27.07,41.79
영등포구,남부교육지원청,중학교,대림중학교,서울특별시 영등포구 시흥대로185길 6(대림동.대림중학교),28.03,49.68,41.84,70.57
구로구,남부교육지원청,중학교,영림중학교,서울특별시 구로구 가마산로27길 17. 영림중학교 (구로동),67.4,30.92,43.84,75.44
금천구,남부교육지원청,중학교,한울중학교,서울특별시 금천구 독산로50길 60한울중학교,59.41,42.48,71.92,87.25
노원구,북부교육지원청,중학교,공릉중학교,서울특별시 노원구 노원로1길 42(공릉동.공릉중학교),48.56,31.8,35.13,80.64
노원구,북부교육지원청,중학교,중원중학교,서울특별시 노원구 공릉로 420(중계동.중원중학교),38.59,50.7,44.21,49.41
노원구,북부교육지원청,중학교,하계중학교,서울특별시 노원구 노원로 261-8(하계동),77.92,52.81,53.83,71.05
노원구,북부교육지원청,중학교,상계제일중학교,서울특별시 노원구 덕릉로86길 29-15. 상계제일중학교 (중계동),71.39,31.28,59.75,77.05
중구,중부교육지원청,중학교,덕수중학교,서울특별시 중구 마른내로9길 10(인현동2가. 덕수중학교),11.77,17.45,55.65,64.6
중구,중부교육지원청,중학교,장원중학교,서울특별시 중구 동호로15길 93-34(신당동),16.14,34.14,42.82,51.06
중구,중부교육지원청,중학교,창덕여자중학교,서울특별시 중구 정동길 22. 창덕여자중학교 (정동),8.09,48.08,77.78,55.82
종로구,중부교육지원청,중학교,덕성여자중학교,서울특별시 종로구 율곡로3길 49(송현동),4.23,57.5,91.28,66.66
용산구,중부교육지원청,중학교,신광여자중학교,서울특별시 용산구 청파로 263(청파동3가),44.96,86.39,65.29,56.58
송파구,강동송파교육지원청,중학교,석촌중학교,서울특별시 송파구 송이로15길 13(가락동),49.1,81.73,74.04,57.39
강동구,강동송파교육지원청,중학교,성내중학교,서울특별시 강동구 성안로7길 36(성내동.성내중학교),67.4,58.01,70.22,85.6
송파구,강동송파교육지원청,중학교,송파중학교,서울특별시 송파구 동남로 203(가락동. 송파중학교),80.1,66.07,46.77,65.65
송파구,강동송파교육지원청,중학교,신천중학교,서울특별시 송파구 백제고분로 11. 신천중학교 (잠실동),86.56,82.58,43.67,43.92
강동구,강동송파교육지원청,중학교,천일중학교,서울특별시 강동구 천중로 57(천호동.천일중학교),62.39,52.32,74.56,67.99
송파구,강동송파교육지원청,중학교,문현중학교,서울특별시 송파구 충민로 99(장지동. 문현중학교),76.04,64.91,54.61,67.91
강동구,강동송파교육지원청,중학교,강동중학교,서울특별시 강동구 풍산로 237. 강동중학교 (강일동),28.1,21.56,66.71,71.61
송파구,강동송파교육지원청,중학교,보인중학교,서울특별시 송파구 오금로49길 18. 보인중학교 (오금동),38.57,69.25,44.8,60.77
송파구,강동송파교육지원청,중학교,정신여자중학교,서울특별시 송파구 올림픽로4길 16. 정신여자중학교 (잠실동),83.22,61.84,29.03,70.85
양천구,강서양천교육지원청,중학교,신남중학교,서울특별시 양천구 중앙로29길 109(신월동.신남중학교),34.35,44.14,63.23,74.19
강서구,강서양천교육지원청,중학교,등촌중학교,서울특별시 강서구 공항대로 484-12(등촌동.등촌중학교),76.04,50.31,72.79,70.16
서초구,강남서초교육지원청,중학교,언남중학교,서울특별시 서초구 동산로 55(양재동.언남중학교),46.56,51.2,49.27,66.13
서초구,강남서초교육지원청,중학교,동덕여자중학교,서울특별시 서초구 효령로2길 123-5. 동덕여자중고등학교 (방배동),20.71,26.79,21.47,53.6
동작구,동작관악교육지원청,중학교,문창중학교,서울특별시 동작구 여의대방로22나길 40(신대방동),60.79,56.97,75.65,70.53
동작구,동작관악교육지원청,중학교,중앙대학교사범대학부속중학교,서울특별시 동작구 서달로 124(흑석동),59.27,41.85,41.93,66.01
성동구,성동광진교육지원청,중학교,무학중학교,서울특별시 성동구 행당로 120(행당동),58.23,54.33,37.6,75.48
성북구,성북강북교육지원청,중학교,장위중학교,서울특별시 성북구 장위로4길 70(장위동.장위중학교),43.49,61.93,29.03,53.2
강북구,성북강북교육지원청,중학교,삼각산중학교,서울특별시 강북구 삼양로19길 141. 삼각산중학교 (미아동),64.67,46.08,46.67,70.32
강북구,성북강북교육지원청,중학교,창문여자중학교,서울특별시 강북구 월계로 61(송중동. 창문여자중고등학교),53.45,79.88,67.39,83.82
강북구,성북강북교육지원청,중학교,영훈국제중학교,서울특별시 강북구 도봉로13가길 19(미아동.학교법인꿈이있는미래),54.58,86.39,57.03,29.74
성북구,성북강북교육지원청,고등학교,서울대학교사범대학부설고등학교,서울특별시 성북구 월곡로 6(종암동),49.39,70.07,62.1,28.07
종로구,중부교육지원청,고등학교,경복고등학교,서울특별시 종로구 자하문로28가길 9. 경복고등학교 (청운동.경복고등학교),55.54,52.44,43.09,36.6
광진구,성동광진교육지원청,고등학교,광남고등학교,서울특별시 광진구 아차산로70길 17-16. 광남고등학교 (광장동. 광남고등학교),68.51,61.27,50.1,10.64
광진구,성동광진교육지원청,고등학교,광양고등학교,서울특별시 광진구 자양로3가길 31(자양동),58.6,47.7,58.15,30.02
동작구,동작관악교육지원청,고등학교,동작고등학교,서울특별시 동작구 솔밭로 51(사당동.동작고등학교(복합정보센타)),71.85,35.65,57.75,73.06
강동구,강동송파교육지원청,고등학교,둔촌고등학교,서울특별시 강동구 명일로 140(둔촌동.둔촌고등학교),66.7,40.05,30.52,35.47
노원구,북부교육지원청,고등학교,상계고등학교,서울특별시 노원구 노해로 432(상계동. 상계고등학교),62.37,81.76,79.9,47.35
동작구,동작관악교육지원청,고등학교,영등포고등학교,서울특별시 동작구 등용로8길 5-13(대방동),59.53,50.43,50.63,46.68
광진구,성동광진교육지원청,고등학교,자양고등학교,서울특별시 광진구 뚝섬로37길 28(자양동.자양고등학교),80.37,51.38,52.99,34.24
영등포구,남부교육지원청,고등학교,여의도여자고등학교,서울특별시 영등포구 국제금융로7가길 13. 여의도여자고등학교 (여의도동),58.6,35.13,59.05,40.92
도봉구,북부교육지원청,고등학교,자운고등학교,서울특별시 도봉구 노해로69길 150(창동),72.81,61.79,74.65,60.01
노원구,북부교육지원청,고등학교,불암고등학교,서울특별시 노원구 중계로 155(중계동),66.98,81.76,57.92,30.38
구로구,남부교육지원청,고등학교,신도림고등학교,서울특별시 구로구 경인로67길 159(신도림동.신도림고등학교),59.53,33.94,55.67,29.51
광진구,성동광진교육지원청,고등학교,대원고등학교,서울특별시 광진구 용마산로22길 26. 대원고등학교 (중곡동),52.27,44.18,70.65,81.91
동대문구,동부교육지원청,고등학교,동국대학교사범대학부속고등학교,서울특별시 동대문구 장안벚꽃로 201(장안동.동국대학교사범대학부속고등학교),77.86,54.35,57.63,42
강동구,강동송파교육지원청,고등학교,동북고등학교,서울특별시 강동구 강동대로 305(둔촌동),59.13,71.38,35.94,31.82
관악구,동작관악교육지원청,고등학교,성보고등학교,서울특별시 관악구 남부순환로156길 39(신림동.성보고등학교),49.13,27.38,56.59,32.8
중랑구,동부교육지원청,고등학교,송곡고등학교,서울특별시 중랑구 양원역로 50(망우동),59.96,60.48,64.29,82.52
마포구,서부교육지원청,고등학교,숭문고등학교,서울특별시 마포구 숭문길 99(숭문중고등학교. 대흥동),63.32,59.3,51.98,34.09
성북구,성북강북교육지원청,고등학교,용문고등학교,서울특별시 성북구 고려대로17가길 46(안암동2가. 용문중고등학교),71.12,53.12,42.23,46.27
강남구,강남서초교육지원청,고등학교,중동고등학교,서울특별시 강남구 일원로 7. 중동고등학교 (일원동),93.25,69.02,37.87,37.43
강남구,강남서초교육지원청,고등학교,중앙대학교사범대학부속고등학교,서울특별시 강남구 선릉로 207. 중앙대학교사범대학부속고등학교 (도곡동),88.24,69.01,31.68,36.5
서대문구,서부교육지원청,고등학교,한성고등학교,서울특별시 서대문구 북아현로1길 24(북아현동),20.38,39.5,46.24,30.33
용산구,중부교육지원청,고등학교,보성여자고등학교,서울특별시 용산구 신흥로3가길 66. 보성여자고등학교 (용산동2가),24.68,81.76,53.53,6.07
서초구,강남서초교육지원청,고등학교,서문여자고등학교,서울특별시 서초구 동광로12길 84(방배동). 서문여자고등학교 (방배동. 서문여자중고등학교),64.96,65.73,37.66,34.03
은평구,서부교육지원청,고등학교,예일여자고등학교,서울특별시 은평구 연서로 117. 예일여자고등학교 (구산동),42.12,63.55,35.65,75.63
성북구,성북강북교육지원청,고등학교,한성여자고등학교,서울특별시 성북구 삼선교로16길 117. 한성여자고등학교 (삼선동2가),42.95,37.84,57.09,32.7
강남구,강남서초교육지원청,고등학교,국립국악고등학교,서울특별시 강남구 개포로22길 65(개포동. 국악고등학교),19.13,12.83,41.6,38.4
성북구,성북강북교육지원청,고등학교,대일외국어고등학교,서울특별시 성북구 서경로 116대일외국어고등학교 (정릉동),43.04,70.46,48.86,42.57
중구,중부교육지원청,고등학교,이화여자외국어고등학교,서울특별시 중구 통일로4길 30(순화동),41.14,52.07,57.27,36.5
서초구,강남서초교육지원청,고등학교,서울웹툰애니메이션고등학교,서울특별시 서초구 과천대로 852-23(방배동),15.39,58.77,93.08,33.31
중구,중부교육지원청,고등학교,리라아트고등학교,서울특별시 중구 소파로2길 24(예장동),19.74,81.76,64.03,46.28
강남구,강남서초교육지원청,고등학교,수도전기공업고등학교,서울특별시 강남구 개포로 410. 수도전기공업고등학교 (개포동),8.04,21.37,44.53,31.82
마포구,서부교육지원청,고등학교,한세사이버보안고등학교,서울특별시 마포구 마포대로11길 44-80(아현동),12.76,57.72,68,6.17
성북구,성북강북교육지원청,고등학교,서울동구고등학교,서울특별시 성북구 성북로8길 71. 서울동구고등학교 (성북동),39.62,11.68,63.61,33.93
은평구,서부교육지원청,고등학교,선일빅데이터고등학교,서울특별시 은평구 갈현로29길 27. 선일빅데이터고등학교 (갈현동),29.38,36.41,19.55,8.64
성북구,성북강북교육지원청,고등학교,고명외식고등학교,서울특별시 성북구 북악산로 870(돈암동),40.15,51.55,73.72,74.19
종로구,중부교육지원청,고등학교,대동세무고등학교,서울특별시 종로구 계동길 84-10(계동),20.58,19.78,38.39,16.76
은평구,서부교육지원청,중학교,은평문화예술정보학교,서울특별시 은평구 가좌로 208. 은평문화예술정보학교 (응암동. 은평문화예술정보학교),,,50.12,32.88
중랑구,동부교육지원청,중학교,면목중학교,서울특별시 중랑구 용마산로70길 37. 면목중학교 (면목동),50.93,51.79,67.27,67.58
중랑구,동부교육지원청,중학교,중랑중학교,서울특별시 중랑구 동일로140길 33. 중랑중학교 (중화동),41.49,21.16,60.97,78.42
중랑구,동부교육지원청,중학교,태릉중학교,서울특별시 중랑구 공릉로2길 60-25(묵동),27.44,5.85,17.82,50.94
은평구,서부교육지원청,중학교,상신중학교,서울특별시 은평구 증산로15길 61(신사동. 상신중학교),36.18,61.52,63.53,51.34
마포구,서부교육지원청,중학교,성산중학교,서울특별시 마포구 성지1길 32-13(합정동),24.9,56.13,73.19,74.59
마포구,서부교육지원청,중학교,서울여자중학교,서울특별시 마포구 백범로25길 34. 서울여자중학교 (염리동),57.4,45.59,41.83,76.77
은평구,서부교육지원청,중학교,진관중학교,서울특별시 은평구 진관4로 36(진관동),81.05,58.98,51.58,75.16
서대문구,서부교육지원청,중학교,인창중학교,서울특별시 서대문구 경기대로 65. 인창중학교 (충정로2가. 인창중 ·고등학교),44.67,63.64,87.45,73.99
영등포구,남부교육지원청,중학교,대영중학교,서울특별시 영등포구 도림로80가길 14(신길동.대영중학교),56.6,43.5,21.42,65.37
금천구,남부교육지원청,중학교,세일중학교,서울특별시 금천구 시흥대로147길 34(독산동),63.69,74.54,73.21,71.85
금천구,남부교육지원청,중학교,시흥중학교,서울특별시 금천구 시흥대로38길 60. 시흥중학교 (시흥동),71.39,39.2,35.35,54.53
구로구,남부교육지원청,중학교,신도림중학교,서울특별시 구로구 경인로63길 74. 신도림중학교 (신도림동),83.66,77.61,55.38,85.07
구로구,남부교육지원청,중학교,경인중학교,서울특별시 구로구 경인로 301. 경인중학교(개봉동. 경인중학교),55.67,35.38,45.36,73.35
금천구,남부교육지원청,중학교,동일중학교,서울특별시 금천구 탑골로10길 45(시흥동. 동일중학교),73.64,64.06,32.19,60.25
도봉구,북부교육지원청,중학교,노곡중학교,서울특별시 도봉구 노해로70길 95(창동.노곡중학교),67.4,67.24,55.05,49.65
도봉구,북부교육지원청,중학교,방학중학교,서울특별시 도봉구 시루봉로 188. 방학중학교 (방학동),59.41,42.61,50.6,61.14
노원구,북부교육지원청,중학교,상원중학교,서울특별시 노원구 수락산로 182(상계동),69.86,60.15,89.1,75.88
노원구,북부교육지원청,중학교,신상중학교,서울특별시 노원구 동일로216길 42(상계동.신상중학교),41.48,61.84,88,73.1
도봉구,북부교육지원청,중학교,창일중학교,서울특별시 도봉구 노해로66길 60(창동.창일중학교),78.79,49.69,35.6,69.32
노원구,북부교육지원청,중학교,한천중학교,서울특별시 노원구 공릉로 265(공릉동. 한천중학교),71.39,75.33,82.24,87.97
도봉구,북부교육지원청,중학교,신도봉중학교,서울특별시 도봉구 도봉로115길 16(쌍문동),63.69,47.45,55.38,55.78
노원구,북부교육지원청,중학교,수락중학교,서울특별시 노원구 동일로 1729. 수락중학교 (상계동),51.2,60.41,55.69,61.26
용산구,중부교육지원청,중학교,오산중학교,서울특별시 용산구 보광로7길 17(보광동.오산중학교),43.36,20.35,17,44.33
종로구,중부교육지원청,중학교,상명대학교사범대학부속여자중학교,서울특별시 종로구 홍지문2길 20(홍지동),12.34,10.57,41.52,14.18
송파구,강동송파교육지원청,중학교,가원중학교,서울특별시 송파구 중대로10길 40-18(가락동),58.17,70.62,71.64,62.91
송파구,강동송파교육지원청,중학교,아주중학교,서울특별시 송파구 올림픽로4길 69. 아주중학교 (잠실동),57.16,83.64,70.87,73.35
송파구,강동송파교육지원청,중학교,풍성중학교,서울특별시 송파구 강동대로2길 27(풍납동. 풍성중학교),50.12,72.42,66.68,53.52
강동구,강동송파교육지원청,중학교,한산중학교,서울특별시 강동구 풍성로 251(둔촌동. 한산중학교),76.04,60.35,42.16,82.9
송파구,강동송파교육지원청,중학교,송례중학교,서울특별시 송파구 위례순환로 429(장지동),61.97,66.59,32.05,37.88
강동구,강동송파교육지원청,중학교,강빛중학교,서울특별시 강동구 아리수로93다길 1(강일동) 강빛초중이음학교,40.02,42.21,5.88,14.67
양천구,강서양천교육지원청,중학교,신월중학교,서울특별시 양천구 남부순환로29길 25. 신월중학교 (신월동),77.05,47.41,30.79,76.37
양천구,강서양천교육지원청,중학교,월촌중학교,서울특별시 양천구 목동서로 31(목동.서울월촌중학교),79.02,81.2,39.08,28.77
강서구,강서양천교육지원청,중학교,마포중학교,서울특별시 강서구 화곡로 403(등촌동),59.41,22.81,41.95,67.42
양천구,강서양천교육지원청,중학교,양정중학교,서울특별시 양천구 안양천로 1039(목동. 양정고등학교),68.88,64.27,60.68,26.11
강남구,강남서초교육지원청,중학교,압구정중학교,서울특별시 강남구 압구정로 225. 압구정중학교 (압구정동.압구정중학교),53.66,13.64,39.03,47.14
강남구,강남서초교육지원청,중학교,대청중학교,서울특별시 강남구 양재천로 321(대치동. 대청중학교),90.41,67.82,47.86,41.83
강남구,강남서초교육지원청,중학교,대치중학교,서울특별시 강남구 남부순환로378길 39(도곡동.대치중학교),79.23,36.55,38.58,78.14
서초구,강남서초교육지원청,중학교,서일중학교,서울특별시 서초구 서운로21길 2(서초동.서일중학교),75.48,52.09,24.12,61.14
강남구,강남서초교육지원청,중학교,언주중학교,서울특별시 강남구 선릉로116길 57. 언주중학교,75.38,50.59,44.38,72.62
서초구,강남서초교육지원청,중학교,원촌중학교,서울특별시 서초구 사평대로45길 10(반포동.원촌중학교),88.96,72.31,51.57,43.84
강남구,강남서초교육지원청,중학교,청담중학교,서울특별시 강남구 압구정로61길 36(청담동.청담중학교),55.69,67.55,52.11,50.14
강남구,강남서초교육지원청,중학교,휘문중학교,서울특별시 강남구 역삼로 541(대치동),80.68,64.38,35.55,34.86
관악구,동작관악교육지원청,중학교,관악중학교,서울특별시 관악구 남부순환로237길 60. 관악중학교 (봉천동),42.27,30.23,63.53,67.14
관악구,동작관악교육지원청,중학교,신림중학교,서울특별시 관악구 신림로 40(신림동.신림중학교),43.36,41.63,52.85,59.28
동작구,동작관악교육지원청,중학교,영등포중학교,서울특별시 동작구 등용로8길 5. 영등포중학교 (대방동),7.23,6.22,49.13,61.14
관악구,동작관악교육지원청,중학교,서울문영여자중학교,서울특별시 관악구 관악로 85. 서울문영여자중학교 (봉천동),35.96,40.49,43.83,49.69
성동구,성동광진교육지원청,중학교,경수중학교,서울특별시 성동구 뚝섬로13길 14(성수동2가),41.48,45.63,67.03,70.93
광진구,성동광진교육지원청,중학교,광남중학교,서울특별시 광진구 아차산로70길 17-62. 광남중학교 (광장동),58.93,61.54,44.1,40.34
광진구,성동광진교육지원청,중학교,광양중학교,서울특별시 광진구 자양로3길 7(자양동),80.1,54.54,47.41,58.96
성동구,성동광진교육지원청,중학교,성수중학교,서울특별시 성동구 서울숲길 18(성수동1가. 성수중학교),35.45,57.08,80.82,56.87
광진구,성동광진교육지원청,중학교,용곡중학교,서울특별시 광진구 용마산로22길 76(중곡동.용곡중학교),47.09,33.43,46.82,84.83
광진구,성동광진교육지원청,중학교,대원국제중학교,서울특별시 광진구 용마산로22길 26. 대원국제중학교 (중곡동),53.75,49.57,46.73,25.43
성북구,성북강북교육지원청,중학교,석관중학교,서울특별시 성북구 한천로 526(석관동.석관중학교),58.17,59.26,36.22,62.02
성북구,성북강북교육지원청,중학교,종암중학교,서울특별시 성북구 종암로5길 80-17(종암동.종암중학교),50.12,53.27,54.37,61.54
성북구,성북강북교육지원청,중학교,숭곡중학교,서울특별시 성북구 종암로 208. 숭곡중학교 (하월곡동),55.83,81.63,54.24,82.81
성북구,성북강북교육지원청,중학교,고명중학교,서울특별시 성북구 북악산로 870(돈암동.고명중학교),71.92,78.08,32.19,54.37
성북구,성북강북교육지원청,중학교,남대문중학교,서울특별시 성북구 한천로 660-30(장위동. 남대문중학교),41.06,62.58,80.54,75.68
성북구,성북강북교육지원청,중학교,동구여자중학교,서울특별시 성북구 성북로8길 71(성북동.동구여자중학교),21.02,80.46,52.86,38.93
강북구,성북강북교육지원청,중학교,성암여자중학교,서울특별시 강북구 도봉로29길 52(미아동.성암여자중학교),34.19,50.84,84.37,71.77
성북구,성북강북교육지원청,중학교,한성여자중학교,서울특별시 성북구 삼선교로16길 118. 한성여자중학교 (삼선동2가),63.69,51.34,37.79,49.85
영등포구,남부교육지원청,고등학교,대영고등학교,서울특별시 영등포구 도림로86길 16(신길동. 대영고등학교),81.76,18.03,40.82,39.38
성북구,성북강북교육지원청,고등학교,석관고등학교,서울특별시 성북구 한천로70길 30. 석관고등학교 (석관동),50.72,70.27,53.85,62.52
중랑구,동부교육지원청,고등학교,중화고등학교,서울특별시 중랑구 봉화산로27길 62(중화동. 중화고등학교),61.38,62.98,59.24,64.84
강남구,강남서초교육지원청,고등학교,경기여자고등학교,서울특별시 강남구 삼성로 29. 경기여자고등학교 (개포동),69.84,72.96,47.63,22.52
성동구,성동광진교육지원청,고등학교,무학여자고등학교,서울특별시 성동구 고산자로 197무학여자고등학교,32.22,20.14,61.45,33.47
도봉구,북부교육지원청,고등학교,누원고등학교,서울특별시 도봉구 마들로 849. 누원고등학교 (도봉동),55.54,41.33,57.92,34.34
도봉구,북부교육지원청,고등학교,효문고등학교,서울특별시 도봉구 우이천로 432(쌍문동.효문중 고등학교),33.43,45.88,58.23,72.81
성동구,성동광진교육지원청,고등학교,성수고등학교,서울특별시 성동구 서울숲길 18. 성수고등학교 (성수동1가),60.55,48.06,37.54,18.1
송파구,강동송파교육지원청,고등학교,문현고등학교,서울특별시 송파구 충민로 115(장지동),69.35,54.17,52.93,72.4
종로구,중부교육지원청,고등학교,경신고등학교,서울특별시 종로구 혜화로 74(혜화동.경신중고등학교),29.56,26.01,52.25,34.24
강남구,강남서초교육지원청,고등학교,단국대학교사범대학부속고등학교,서울특별시 강남구 도곡로64길 21. 단대부고  (대치동),92.88,81.76,40.02,37.84
종로구,중부교육지원청,고등학교,동성고등학교,서울특별시 종로구 대학로 156(혜화동.동성중고교),53.64,30.76,64,39.89
용산구,중부교육지원청,고등학교,배문고등학교,서울특별시 용산구 효창원로 258(서계동),19.36,13.58,48.7,33.42
양천구,강서양천교육지원청,고등학교,양정고등학교,서울특별시 양천구 안양천로 1039(목동.양정고등학교),94.73,81.76,41.31,36.91
노원구,북부교육지원청,고등학교,재현고등학교,서울특별시 노원구 덕릉로82길 64. 재현고등학교 (중계동),53.94,39.55,63.97,52.64
강서구,강서양천교육지원청,고등학교,한서고등학교,서울특별시 강서구 양천로11길 47(방화동. 한서고등학교),65.35,64.03,70.83,43.85
강동구,강동송파교육지원청,고등학교,한영고등학교,서울특별시 강동구 동남로 832(상일동. 한영고등학교),66.39,44.84,44.25,30.54
강남구,강남서초교육지원청,고등학교,현대고등학교,서울특별시 강남구 압구정로 127(압구정동),85.89,70.47,40.69,37.53
동대문구,동부교육지원청,고등학교,경희여자고등학교,서울특별시 동대문구 경희대로 26. 경희여자고등학교  (회기동.경희대학교),43.81,14.16,59.9,30.64
종로구,중부교육지원청,고등학교,덕성여자고등학교,서울특별시 종로구 율곡로3길 50. 덕성여자고등학교 (안국동),50.95,62.32,74.43,39.79
강서구,강서양천교육지원청,고등학교,덕원여자고등학교,서울특별시 강서구 강서로45길 91-44. 덕원여자고등학교 (내발산동),51.72,64.46,31.54,33.21
종로구,중부교육지원청,고등학교,상명대학교사범대학부속여자고등학교,서울특별시 종로구 홍지문2길 20(홍지동.상명대학교),31.23,37.05,45.65,18.56
서초구,강남서초교육지원청,고등학교,세화여자고등학교,서울특별시 서초구 신반포로 56-7(반포동. 세화여자고등학교),83.71,70.1,36.4,37.22
강남구,강남서초교육지원청,고등학교,진선여자고등학교,서울특별시 강남구 선릉로85길 27(진선여자고등학교.역삼동),83.09,52.47,58.54,58.51
동대문구,동부교육지원청,고등학교,휘경여자고등학교,서울특별시 동대문구 한천로 247(휘경동.휘경여자고등학교),49.42,43.55,29.87,25.35
동대문구,동부교육지원청,고등학교,해성여자고등학교,서울특별시 동대문구 전농로20길 31(전농동.해성여자고등학교),55.11,37.98,32.95,68.44
은평구,서부교육지원청,고등학교,하나고등학교,서울특별시 은평구 연서로 535(진관동. 하나고등학교),71.85,55.35,55.74,36.09
송파구,강동송파교육지원청,고등학교,서울체육고등학교,서울특별시 송파구 강동대로 232. 서울체육고등학교 (방이동),48.97,38.87,42.67,10.85
종로구,중부교육지원청,고등학교,서울과학고등학교,서울특별시 종로구 혜화로 63(명륜1가),13.8,42.24,29.24,13.37
종로구,중부교육지원청,고등학교,서울예술고등학교,서울특별시 종로구 평창문화로 70(평창동),95.84,48.66,35.94,36.81
동작구,동작관악교육지원청,고등학교,서울공업고등학교,서울특별시 동작구 대방동1길 46. 서울공업고등학교 (대방동),15.32,52.6,68.05,62.68
동대문구,동부교육지원청,고등학교,서울반도체고등학교,서울특별시 동대문구 겸재로 21. 서울반도체고등학교 (휘경동),2.36,0.97,64.79,32.59
구로구,남부교육지원청,고등학교,유한공업고등학교,서울특별시 구로구 경인로 8(항동),18.53,45.51,64.49,75.02
은평구,서부교육지원청,고등학교,은평메디텍고등학교,서울특별시 은평구 진관2로 57-57(진관동.은평메디텍고등학교),16.67,39.87,29.84,55.48
중구,중부교육지원청,고등학교,한양공업고등학교,서울특별시 중구 을지로 299(신당동. 한양공업고등학교),24.04,36.12,60.4,73.17
중구,중부교육지원청,고등학교,서울의료보건고등학교,서울특별시 중구 만리재로37길 30. 서울의료보건고등학교 (만리동1가),22.25,4.18,18.98,50.03
강서구,강서양천교육지원청,고등학교,서울신정고등학교,서울특별시 강서구 등촌로13아길 20(화곡동. 서울신정고등학교),21.19,21.4,59.44,66.95
송파구,강동송파교육지원청,고등학교,일신여자상업고등학교,서울특별시 송파구 송파대로38길 8(송파동.일신여자상업고등학교),22.27,81.76,80.76,65.09
중랑구,동부교육지원청,고등학교,이화여자대학교병설미디어고등학교,서울특별시 중랑구 망우로73길 56(망우동. 이화여대병설미디어고등학교.영란여중학교),22.67,81.76,55.71,65.76
종로구,중부교육지원청,중학교,종로산업정보학교,서울특별시 종로구 종로58길 28(숭인동. 종로산업정보학교),,,50.12,32.88
동대문구,동부교육지원청,중학교,청량중학교,서울특별시 동대문구 왕산로 301(청량리동),18.78,49.74,34.4,57.35
동대문구,동부교육지원청,중학교,휘경중학교,서울특별시 동대문구 망우로18나길 20(휘경동.휘경중학교),26.2,86.39,42.53,45.78
동대문구,동부교육지원청,중학교,경희여자중학교,서울특별시 동대문구 경희대로 26(회기동),41.7,50.73,69.5,75.56
동대문구,동부교육지원청,중학교,휘경여자중학교,서울특별시 동대문구 한천로 247휘경여자중학교 (휘경동),82.93,58.48,27.98,67.06
서대문구,서부교육지원청,중학교,서연중학교,서울특별시 서대문구 연희로11마길 9-6(연희동),44.26,37.6,44.78,58.48
은평구,서부교육지원청,중학교,연서중학교,서울특별시 은평구 증산서길 125-6(증산동.연서중학교),36.39,86.39,91.16,66.54
서대문구,서부교육지원청,중학교,홍은중학교,서울특별시 서대문구 연희로41길 94(홍은동),33.12,58.88,49.06,47.19
마포구,서부교육지원청,중학교,창천중학교,서울특별시 마포구 백범로1길 56(노고산동),52.22,66.34,70.49,65.73
서대문구,서부교육지원청,중학교,명지중학교,서울특별시 서대문구 명지2길 56(홍은동),57.12,47.79,55.14,93.09
은평구,서부교육지원청,중학교,숭실중학교,서울특별시 은평구 은평터널로7길 6(신사동),73.64,47.56,57.29,73.55
서대문구,서부교육지원청,중학교,동명여자중학교,서울특별시 서대문구 독립문로 49(천연동),16.68,68.19,59.96,71.45
구로구,남부교육지원청,중학교,구일중학교,서울특별시 구로구 구일로 90-133(구로동),53.55,54.96,57.5,81.93
영등포구,남부교육지원청,중학교,당산서중학교,서울특별시 영등포구 당산로41길 12(당산동5가),71.39,79.09,75.06,73.79
영등포구,남부교육지원청,중학교,윤중중학교,서울특별시 영등포구 여의동로3길 3. 윤중중학교 (여의도동),37.18,22.99,39.99,69.8
노원구,북부교육지원청,중학교,녹천중학교,서울특별시 노원구 월계로 376(월계동. 녹천중학교),71.39,27.66,41.91,61.78
도봉구,북부교육지원청,중학교,도봉중학교,서울특별시 도봉구 마들로 671(도봉동.도봉중학교),45.76,21.91,58.65,63.43
도봉구,북부교육지원청,중학교,신방학중학교,서울특별시 도봉구 시루봉로 156. 신방학중학교 (방학동),64.85,43.07,19.89,57.11
노원구,북부교육지원청,중학교,월계중학교,서울특별시 노원구 월계로45가길 54(월계동),46.99,80.99,73.7,64.08
도봉구,북부교육지원청,중학교,선덕중학교,서울특별시 도봉구 시루봉로 53. 선덕중학교 (쌍문동),60.74,40.34,22.52,66.82
노원구,북부교육지원청,중학교,염광중학교,서울특별시 노원구 월계로45가길 9.01874 (월계동),35.69,46.82,85.24,69.64
종로구,중부교육지원청,중학교,경신중학교,서울특별시 종로구 혜화로 74(혜화동.경신중고등학교),37.63,5.51,15.85,41.15
송파구,강동송파교육지원청,중학교,방이중학교,서울특별시 송파구 오금로11길 64(방이동.방이중학교),52.22,66.34,84.88,76.53
강동구,강동송파교육지원청,중학교,천호중학교,서울특별시 강동구 상암로 153(천호동),49.1,47.44,26.14,55.54
송파구,강동송파교육지원청,중학교,해누리중학교,서울특별시 송파구 송파대로37길 95. 해누리중학교 (가락동),83.66,47.19,38.07,35.1
송파구,강동송파교육지원청,중학교,서울체육중학교,서울특별시 송파구 강동대로 232. 서울체육중학교 (방이동),25.18,59.72,62.27,71.33
강서구,강서양천교육지원청,중학교,공항중학교,서울특별시 강서구 방화대로 241(공항동),52.98,47.49,39.81,77.58
강서구,강서양천교육지원청,중학교,삼정중학교,서울특별시 강서구 금낭화로 210(방화동.삼정중학교),19.2,10.71,62.53,71.65
양천구,강서양천교육지원청,중학교,신원중학교,서울특별시 양천구 가로공원로55길 19(신월동.신원중학교),17.97,16.24,56.17,58.96
양천구,강서양천교육지원청,중학교,양강중학교,서울특별시 양천구 중앙로 319(신월동),40.92,60.87,37.84,68.59
강서구,강서양천교육지원청,중학교,염창중학교,서울특별시 강서구 양천로67가길 83(염창동.염창중학교),54.52,54.21,34.31,68.99
강서구,강서양천교육지원청,중학교,명덕여자중학교,서울특별시 강서구 강서로47길 34-10(내발산동),64.85,61.48,45.68,89.83
서초구,강남서초교육지원청,중학교,경원중학교,서울특별시 서초구 신반포로33길 39(잠원동.경원중학교),86.56,56.47,37.29,82.17
강남구,강남서초교육지원청,중학교,신사중학교,서울특별시 강남구 압구정로 123(압구정동.신사중학교),27.17,66.65,45.97,48.85
강남구,강남서초교육지원청,중학교,역삼중학교,서울특별시 강남구 도곡로43길 10(역삼동.역삼중학교),80.12,48.91,19.39,63.84
강남구,강남서초교육지원청,중학교,세곡중학교,서울특별시 강남구 자곡로 81(자곡동. 세곡중학교),76.17,57.61,44.88,62.3
서초구,강남서초교육지원청,중학교,서문여자중학교,서울특별시 서초구 동광로12길 84(방배동),81.7,30.47,28.8,64.4
강남구,강남서초교육지원청,중학교,은성중학교,서울특별시 강남구 남부순환로359길 36(도곡동. 은광여자고등학교. 은성중학교),89.76,63.43,40.09,59.24
강남구,강남서초교육지원청,중학교,국립국악중학교,서울특별시 강남구 개포로22길 65. 국립국악중고등학교 (개포동),22.93,21.41,38.22,25.67
동작구,동작관악교육지원청,중학교,사당중학교,서울특별시 동작구 사당로9가길 58. 사당중학교 (사당동),68.56,72.84,56.6,53.56
동작구,동작관악교육지원청,중학교,강현중학교,서울특별시 동작구 상도로13라길 22. 강현중학교 (상도동),23.65,65.97,66.81,57.75
관악구,동작관악교육지원청,중학교,구암중학교,서울특별시 관악구 성현로 53(봉천동),55.43,49.97,41.92,70.97
관악구,동작관악교육지원청,중학교,광신중학교,서울특별시 관악구 광신길 141. 광신중학교 (신림동),27.12,8.97,23.84,48.52
동작구,동작관악교육지원청,중학교,동양중학교,서울특별시 동작구 흑석로9길 94. 동양중학교  (흑석동),26.45,75.49,62.31,68.07
광진구,성동광진교육지원청,중학교,광진중학교,서울특별시 광진구 뚝섬로64길 45(자양동.광진중학교),26.45,58.61,80.15,59.65
광진구,성동광진교육지원청,중학교,자양중학교,서울특별시 광진구 뚝섬로41길 33(자양동.서울자양중학교),48.43,37.85,41.05,87.97
성동구,성동광진교육지원청,중학교,성원중학교,서울특별시 성동구 성덕정9가길 13(성수동2가. 성원중학교),10.6,50.1,77.44,56.95
광진구,성동광진교육지원청,중학교,선화예술중학교,서울특별시 광진구 천호대로 664. 선화예술중고등학교 (능동),81.2,76.97,60.28,46.34
강북구,성북강북교육지원청,중학교,신일중학교,서울특별시 강북구 솔매로49길 20(미아동.신일중고등학교),50.29,9.49,27.86,48.04
송파구,강동송파교육지원청,고등학교,가락고등학교,서울특별시 송파구 송이로 42(송파동.가락고등학교),72.91,45.02,44.81,30.38
강남구,강남서초교육지원청,고등학교,개포고등학교,서울특별시 강남구 개포로 402(개포동),70.46,58.63,44.84,17.58
성북구,성북강북교육지원청,고등학교,경동고등학교,서울특별시 성북구 보문로29길 49(삼선동3가. 경동고등학교),51.45,33.43,50.69,29.61
구로구,남부교육지원청,고등학교,경인고등학교,서울특별시 구로구 경인로46길 31. 경인고등학교 (고척동),86.11,36.91,51.58,76.77
구로구,남부교육지원청,고등학교,고척고등학교,서울특별시 구로구 중앙로15길 162(고척동. 고척고등학교),61.25,46.82,50.43,41.44
강남구,강남서초교육지원청,고등학교,청담고등학교,서울특별시 강남구 압구정로 419. 청담고등학교 (압구정동),41.37,43.06,49.64,28.79
마포구,서부교육지원청,고등학교,서울여자고등학교,서울특별시 마포구 백범로25길 34. 서울여자고등학교 (염리동),71.37,81.76,69.61,40.36
동작구,동작관악교육지원청,고등학교,수도여자고등학교,서울특별시 동작구 여의대방로10길 73. 수도여자고등학교 (신대방동),65.97,71.25,77.29,49.46
송파구,강동송파교육지원청,고등학교,창덕여자고등학교,서울특별시 송파구 양재대로 1240.창덕여자고등학교 (방이동),54.9,48.52,34.48,18.56
중랑구,동부교육지원청,고등학교,신현고등학교,서울특별시 중랑구 봉화산로 174. 신현고등학교 (상봉동),62.74,15.39,33.76,59.08
영등포구,남부교육지원청,고등학교,선유고등학교,서울특별시 영등포구 선유로 227. 선유고등학교 (양평동4가),54.09,81.76,53.48,34.03
강서구,강서양천교육지원청,고등학교,세현고등학교,서울특별시 강서구 허준로 227. 세현고등학교 (가양동),46.9,56.01,71.87,23.08
양천구,강서양천교육지원청,고등학교,신서고등학교,서울특별시 양천구 은행정로 42. 신서고등학교 (신정동),75.74,55.17,71.3,49.35
마포구,서부교육지원청,고등학교,상암고등학교,서울특별시 마포구 월드컵북로 445(상암동),73.24,33.4,50.53,51.62
구로구,남부교육지원청,고등학교,구현고등학교,서울특별시 구로구 경인로53가길 17(구로동),80.37,61.72,52.26,38.51
노원구,북부교육지원청,고등학교,서라벌고등학교,서울특별시 노원구 한글비석로5길 18. (중계1동 313. 서라벌고등학교),66.16,67.64,38.69,35.52
강남구,강남서초교육지원청,고등학교,영동고등학교,서울특별시 강남구 선릉로 742(청담동. 영동고등학교),58.17,81.76,35.94,31.67
용산구,중부교육지원청,고등학교,오산고등학교,서울특별시 용산구 보광로7길 17(보광동),23.7,43.69,28.93,14.45
노원구,북부교육지원청,고등학교,청원고등학교,서울특별시 노원구 한글비석로 506. 청원고등학교 (상계동),47.78,47.49,42.94,54.76
성북구,성북강북교육지원청,고등학교,홍익대학교사범대학부속고등학교,서울특별시 성북구 성북로14가길 23(성북동.홍익대학교부속중고등학교),11.22,14.59,62.15,31.46
금천구,남부교육지원청,고등학교,동일여자고등학교,서울특별시 금천구 탑골로10길 45(시흥동. 동일여자고등학교),33.93,81.76,71.01,39.53
강서구,강서양천교육지원청,고등학교,명덕여자고등학교,서울특별시 강서구 강서로47길 34-10(내발산동),61.7,53.45,45.05,41.44
광진구,성동광진교육지원청,고등학교,동국대학교사범대학부속가람고등학교,서울특별시 광진구 광나루로36길 47(구의동),51.21,36.04,42.51,32.8
성북구,성북강북교육지원청,고등학교,성신여자고등학교,서울특별시 성북구 동소문로26가길 80(돈암동),42.86,29.87,42.71,40.2
강남구,강남서초교육지원청,고등학교,숙명여자고등학교,서울특별시 강남구 남부순환로 2807. 숙명여자고등학교 (도곡동),84.03,73.09,53.12,31
양천구,강서양천교육지원청,고등학교,목동고등학교,서울특별시 양천구 목동동로2길 68. 목동고등학교 (신정동),80.37,68.65,41.24,50.07
중구,중부교육지원청,고등학교,이화여자고등학교,서울특별시 중구 정동길. 26 (정동),74.2,44.69,52.37,57.99
서대문구,서부교육지원청,고등학교,중앙여자고등학교,서울특별시 서대문구 북아현로11가길 7(북아현동),55.96,51.34,50.09,38.25
양천구,강서양천교육지원청,고등학교,진명여자고등학교,서울특별시 양천구 목동로 170진명여자고등학교 (목동),81.45,63.2,51.31,26.01
강남구,강남서초교육지원청,고등학교,풍문고등학교,서울특별시 강남구 자곡로 152(자곡동),77.35,46.3,27.27,35.16
구로구,남부교육지원청,고등학교,세종과학고등학교,서울특별시 구로구 오리로21길 79(궁동),6.82,46.24,31.95,15.94
구로구,남부교육지원청,고등학교,서울공연예술고등학교,서울특별시 구로구 오리로22나길 16-26. 서울공연예술고등학교 (궁동),95.38,48.4,55.31,49.51
도봉구,북부교육지원청,고등학교,서울외국어고등학교,서울특별시 도봉구 덕릉로66길 22(창동),55.63,57.08,48.26,26.27
강남구,강남서초교육지원청,고등학교,단국대학교부속소프트웨어고등학교,서울특별시 강남구 도곡로64길 21(대치동 1013),15,81.76,35.94,8.74
구로구,남부교육지원청,고등학교,덕일전자공업고등학교,서울특별시 구로구 서해안로21길 5-12(오류동),8.31,49.45,50.18,20.82
관악구,동작관악교육지원청,고등학교,미림마이스터고등학교,서울특별시 관악구 호암로 546미림마이스터고등학교,8.24,81.76,61.77,35.58
종로구,중부교육지원청,고등학교,경기상업고등학교,서울특별시 종로구 자하문로 136(청운동),23.16,44.6,63.01,36.4
용산구,중부교육지원청,고등학교,선린인터넷고등학교,서울특별시 용산구 원효로97길 33-4(청파동3가),35.19,63.37,59.21,57.74
강동구,강동송파교육지원청,고등학교,서울컨벤션고등학교,서울특별시 강동구 동남로 964. 서울컨벤션고등학교 (고덕동),30.77,55.75,46.02,55.53
강서구,강서양천교육지원청,고등학교,경복비즈니스고등학교,서울특별시 강서구 화곡로 379(등촌동131),15.97,20.99,63,67.05
구로구,남부교육지원청,고등학교,서서울생활과학고등학교,서울특별시 구로구 오리로 1355-10. 서서울생활과학고등학교 (궁동),17.33,60.35,61.68,75.17
서초구,강남서초교육지원청,중학교,서초문화예술정보학교,서울특별시 서초구 남부순환로347길 69(서초동),,,50.12,32.88
구로구,남부교육지원청,중학교,지구촌학교,서울특별시 구로구 오리로 1189(오류동),19.93,55.17,60.28,22.93
중랑구,동부교육지원청,중학교,중화중학교,서울특별시 중랑구 용마산로 364(면목동.중화중학교),27.38,6.22,53.36,81.4
동대문구,동부교육지원청,중학교,동대문중학교,서울특별시 동대문구 사가정로 59. 동대문중학교 (전농동),56.78,59.07,50.19,72.26
동대문구,동부교육지원청,중학교,경희중학교,서울특별시 동대문구 경희대로 26. 경희중학교 (회기동),49.04,73.48,78.98,80.16
마포구,서부교육지원청,중학교,성사중학교,서울특별시 마포구 모래내로9길 16.성사중학교(성산동),23.95,49.14,62.86,46.23
마포구,서부교육지원청,중학교,성서중학교,서울특별시 마포구 성산로4길 42(성산동),33.4,33.43,27.23,52.43
은평구,서부교육지원청,중학교,연천중학교,서울특별시 은평구 연서로41길 30(불광동),44.09,11.95,66.91,73.71
서대문구,서부교육지원청,중학교,정원여자중학교,서울특별시 서대문구 연희로37안길 51. 정원여자중학교 (홍은동),40.97,15.51,57.24,68.19
금천구,남부교육지원청,중학교,가산중학교,서울특별시 금천구 시흥대로115길 48(독산동),73.64,67.77,50.43,57.71
구로구,남부교육지원청,중학교,개봉중학교,서울특별시 구로구 고척로21나길 68(개봉동),42.91,51.36,83.11,81.12
영등포구,남부교육지원청,중학교,영원중학교,서울특별시 영등포구 영등포로62길 31(영등포동.영원중학교),43.25,25.58,46.07,61.46
노원구,북부교육지원청,중학교,불암중학교,서울특별시 노원구 한글비석로5길 45. 불암중학교 (하계동),86.56,84.59,38.66,70.32
노원구,북부교육지원청,중학교,상계중학교,서울특별시 노원구 노원로 398(상계동. 상계중학교),53.09,83,80.18,78.02
종로구,중부교육지원청,중학교,청운중학교,서울특별시 종로구 창의문로 51(청운동),35.25,15.89,41.62,22.81
종로구,중부교육지원청,중학교,중앙중학교,서울특별시 종로구 창덕궁길 164 중앙중학교(계동),27.59,12.4,50.23,66.78
중구,중부교육지원청,중학교,한양중학교,서울특별시 중구 을지로 299(신당동),5.41,46.92,44.38,39.9
중구,중부교육지원청,중학교,환일중학교,서울특별시 중구 환일길 47(만리동2가),2.64,46.5,53.79,38.77
송파구,강동송파교육지원청,중학교,가락중학교,서울특별시 송파구 송이로 45(송파동.가락중학교),73.64,25.46,17.75,57.23
강동구,강동송파교육지원청,중학교,강일중학교,서울특별시 강동구 고덕로27길 12(암사동414-17),71.82,52.38,67.47,76.37
강동구,강동송파교육지원청,중학교,고덕중학교,서울특별시 강동구 동남로82길 94(고덕동),80.57,71.47,47.37,88.25
송파구,강동송파교육지원청,중학교,오주중학교,서울특별시 송파구 동남로 281(오금동. 오주중학교),59.41,56.98,57.31,77.21
강서구,강서양천교육지원청,중학교,경서중학교,서울특별시 강서구 양천로59길 31(가양동),2.47,0.25,36.79,38.69
강서구,강서양천교육지원청,중학교,백석중학교,서울특별시 강서구 등촌로51나길 35(등촌동.백석중학교),44.97,70.09,55.4,71.05
강서구,강서양천교육지원청,중학교,성재중학교,서울특별시 강서구 허준로 36(가양동.성재중학교),31.81,68.72,89.71,77.17
양천구,강서양천교육지원청,중학교,신목중학교,서울특별시 양천구 목동중앙로 88(목동),73.22,62.4,36.85,66.58
양천구,강서양천교육지원청,중학교,금옥중학교,서울특별시 양천구 신정로 213. 금옥중학교 (신정동),80.1,62.26,41.56,73.87
양천구,강서양천교육지원청,중학교,목운중학교,서울특별시 양천구 목동동로 235(목동.목운초.중학교),84.68,58.2,30.47,32.6
강서구,강서양천교육지원청,중학교,마곡중학교,서울특별시 강서구 마곡중앙5로 58(마곡동) 마곡중학교,53.67,35.33,38.5,74.27
강서구,강서양천교육지원청,중학교,화곡중학교,서울특별시 강서구 강서로45길 70(내발산동.화곡중학교),77.47,84.17,65.76,77.17
서초구,강남서초교육지원청,중학교,서초중학교,서울특별시 서초구 반포대로13길 48(서초동.서초중학교),35.69,55.62,30.23,64.88
서초구,강남서초교육지원청,중학교,신동중학교,서울특별시 서초구 나루터로 27. 신동중학교 (잠원동.신동중학교),78.83,55.45,23.89,69.48
서초구,강남서초교육지원청,중학교,영동중학교,서울특별시 서초구 성촌길 14(우면동.영동중학교),66.04,63.72,43.09,76.41
동작구,동작관악교육지원청,중학교,남성중학교,서울특별시 동작구 남부순환로269길 166(사당동.남성중학교),39.3,18.06,63.63,67.18
관악구,동작관악교육지원청,중학교,신관중학교,서울특별시 관악구 신림로48길 17-16. (신림동 신관중학교),16.19,57.4,63.65,64.2
관악구,동작관악교육지원청,중학교,삼성중학교,서울특별시 관악구 신림로3가길 39-24(신림동.삼성중학교),14,14.97,47.25,62.39
관악구,동작관악교육지원청,중학교,성보중학교,서울특별시 관악구 남부순환로156길 39. 성보중학교 (신림동.성보중학교),28.53,21.09,47.66,60.09
성동구,성동광진교육지원청,중학교,행당중학교,서울특별시 성동구 왕십리로 189(행당동),37.05,4.87,15.11,41.27
성동구,성동광진교육지원청,중학교,마장중학교,서울특별시 성동구 마장로35나길 31. 마장중학교 (마장동),50.12,73.32,81,68.27
강북구,성북강북교육지원청,중학교,번동중학교,서울특별시 강북구 오현로35길 87(번동.번동중학교),41.83,56.55,84.21,81.85
강북구,성북강북교육지원청,중학교,수송중학교,서울특별시 강북구 한천로122길 21(번동.수송중학교),33.23,11.42,44.25,68.23
성북구,성북강북교육지원청,중학교,고려대학교사범대학부속중학교,서울특별시 성북구 정릉로 161(정릉동.고려대학교사범대학부속중학교),66.16,62.53,27.39,66.5
